sort_order,enabled,query_symbol,ticker,asset_type,quote_currency,priority,signal_role,rank_eligible,score_mode,universe,rotation_group,level,exposure,name,index_name,market_class,geography,sector,industry_theme,primary_benchmark,parent_benchmark,paired_ticker,pair_type,us_weight_pct,mix_as_of,query_ohlcv,use_adjusted_prices,history_bars,min_history_bars,rs_short_bars,rs_long_bars,volume_window_bars,cmf_window_bars,sma_fast_bars,sma_slow_bars,high_lookback_bars,persistence_bars,score_w_rs20,score_w_rs63,score_w_rel_dollar_volume,score_w_cmf20,score_w_trend,trend_rule,score_formula_version,notes,source_url
1,True,ITOT,ITOT,ETF,USD,CORE,BENCHMARK,False,REFERENCE,US,US_MARKET_BREADTH,broad,Total U.S. equity market,iShares Core S&P Total U.S. Stock Market ETF,S&P Total Market Index,Developed,U.S.-only benchmark,,,,,ACWX,US_VS_EXUS_BROAD,1.0,,True,True,300,260,20,63,20,20,50,200,252,5,0.3,0.25,0.2,0.15,0.1,close>sma50>sma200,v1.1,Use as the cleanest broad benchmark for cross-cap U.S. rotation.,https://www.ishares.com/us/products/etf-investments
2,True,SPY,SPY,ETF,USD,CORE,BENCHMARK,False,REFERENCE,US,US_MARKET_BREADTH,broad,U.S. large cap,SPDR S&P 500 ETF Trust,S&P 500 Index,Developed,U.S.-only benchmark,,,ITOT,,,,1.0,,True,True,300,260,20,63,20,20,50,200,252,5,0.3,0.25,0.2,0.15,0.1,close>sma50>sma200,v1.1,Best benchmark for the 11 Select Sector SPDRs.,https://www.ssga.com/us/en/intermediary/etfs
3,True,IWM,IWM,ETF,USD,CORE,SIGNAL,True,CROSS_SECTIONAL,US,US_MARKET_BREADTH,size,Russell 2000 small caps,iShares Russell 2000 ETF,Russell 2000 Index,Developed,U.S.-only benchmark,,,ITOT,,,,1.0,,True,True,300,260,20,63,20,20,50,200,252,5,0.3,0.25,0.2,0.15,0.1,close>sma50>sma200,v1.1,Important confirmation when market leadership broadens beyond mega caps.,https://www.ishares.com/us/products/etf-investments
4,True,MDY,MDY,ETF,USD,CORE,SIGNAL,True,CROSS_SECTIONAL,US,US_MARKET_BREADTH,size,S&P MidCap 400,SPDR S&P MidCap 400 ETF Trust,S&P MidCap 400 Index,Developed,U.S.-only benchmark,,,ITOT,,,,1.0,,True,True,300,260,20,63,20,20,50,200,252,5,0.3,0.25,0.2,0.15,0.1,close>sma50>sma200,v1.1,Useful between SPY and IWM for breadth confirmation.,https://www.ssga.com/us/en/intermediary/etfs
5,True,QQQ,QQQ,ETF,USD,CORE,SIGNAL,True,CROSS_SECTIONAL,MIXED_US_LISTED,US_MARKET_BREADTH,growth,Nasdaq-100,"Invesco QQQ Trust, Series 1",Nasdaq-100 Index,,U.S.-listed / international eligible,,,SPY,,,,,,True,True,300,260,20,63,20,20,50,200,252,5,0.3,0.25,0.2,0.15,0.1,close>sma50>sma200,v1.1,"Nasdaq-100 can include domestic and international nonfinancial Nasdaq-listed companies; do not label it strictly U.S.-only. | Index rules allow large domestic and international nonfinancial companies listed on Nasdaq; it is U.S.-market-centric, not a globally diversified fund.",https://www.invesco.com/us/en/financial-products/etfs/invesco-qqq-trust-series-1.html
6,True,RSP,RSP,ETF,USD,CORE,SIGNAL,True,PAIR,US,US_MARKET_BREADTH,breadth,S&P 500 equal weight,Invesco S&P 500 Equal Weight ETF,S&P 500 Equal Weight Index,Developed,U.S.-only benchmark,,,SPY,,SPY,EQUAL_WEIGHT_VS_CAP_WEIGHT,1.0,,True,True,300,260,20,63,20,20,50,200,252,5,0.3,0.25,0.2,0.15,0.1,close>sma50>sma200,v1.1,SPY strong while RSP lags = leadership concentrated in mega-caps.,https://www.invesco.com/us/en/financial-products/etfs/invesco-sp-500-equal-weight-etf.html
7,True,DIA,DIA,ETF,USD,EXTENDED,CONFIRMATION,False,REFERENCE,US,US_MARKET_BREADTH,broad,Dow Jones Industrial Average,SPDR Dow Jones Industrial Average ETF Trust,Dow Jones Industrial Average,Developed,U.S.-focused large cap,,,SPY,,,,1.0,,True,True,300,260,20,63,20,20,50,200,252,5,0.3,0.25,0.2,0.15,0.1,close>sma50>sma200,v1.1,"Useful diagnostic, but not a good universal benchmark for industries.",https://www.ssga.com/us/en/intermediary/etfs
8,True,IJR,IJR,ETF,USD,EXTENDED,CONFIRMATION,False,REFERENCE,US,US_MARKET_BREADTH,size,S&P SmallCap 600,iShares Core S&P Small-Cap ETF,S&P SmallCap 600 Index,Developed,U.S.-only benchmark,,,ITOT,,,,1.0,,True,True,300,260,20,63,20,20,50,200,252,5,0.3,0.25,0.2,0.15,0.1,close>sma50>sma200,v1.1,Compare with IWM when small caps diverge.,https://www.ishares.com/us/products/etf-investments
9,True,IWB,IWB,ETF,USD,EXTENDED,CONFIRMATION,False,REFERENCE,US,US_MARKET_BREADTH,broad,Russell 1000,iShares Russell 1000 ETF,Russell 1000 Index,Developed,U.S.-only benchmark,,,ITOT,,,,1.0,,True,True,300,260,20,63,20,20,50,200,252,5,0.3,0.25,0.2,0.15,0.1,close>sma50>sma200,v1.1,Useful bridge between S&P 500 and total market.,https://www.ishares.com/us/products/etf-investments
10,True,IWD,IWD,ETF,USD,CORE,SIGNAL,True,PAIR,US,US_STYLE_FACTOR,style,U.S. large-cap value,iShares Russell 1000 Value ETF,Russell 1000 Value Index,Developed,U.S.-only benchmark,,,IWB,,IWF,VALUE_VS_GROWTH,1.0,,True,True,300,260,20,63,20,20,50,200,252,5,0.3,0.25,0.2,0.15,0.1,close>sma50>sma200,v1.1,Pair with IWF.,https://www.ishares.com/us/products/etf-investments
11,True,IWF,IWF,ETF,USD,CORE,SIGNAL,True,PAIR,US,US_STYLE_FACTOR,style,U.S. large-cap growth,iShares Russell 1000 Growth ETF,Russell 1000 Growth Index,Developed,U.S.-only benchmark,,,IWB,,IWD,GROWTH_VS_VALUE,1.0,,True,True,300,260,20,63,20,20,50,200,252,5,0.3,0.25,0.2,0.15,0.1,close>sma50>sma200,v1.1,Pair with IWD.,https://www.ishares.com/us/products/etf-investments
12,True,MTUM,MTUM,ETF,USD,DIAGNOSTIC,CONFIRMATION,False,REFERENCE,US,US_STYLE_FACTOR,factor,U.S. momentum factor,iShares MSCI USA Momentum Factor ETF,MSCI USA Momentum SR Variant Index,Developed,U.S.-only benchmark,,,ITOT,,,,1.0,,True,True,300,260,20,63,20,20,50,200,252,5,0.3,0.25,0.2,0.15,0.1,close>sma50>sma200,v1.1,Useful cross-check against your own rotation score.,https://www.ishares.com/us/products/etf-investments
13,True,QUAL,QUAL,ETF,USD,DIAGNOSTIC,CONFIRMATION,False,REFERENCE,US,US_STYLE_FACTOR,factor,U.S. quality factor,iShares MSCI USA Quality Factor ETF,MSCI USA Sector Neutral Quality Index,Developed,U.S.-only benchmark,,,ITOT,,,,1.0,,True,True,300,260,20,63,20,20,50,200,252,5,0.3,0.25,0.2,0.15,0.1,close>sma50>sma200,v1.1,Useful when profitability and balance-sheet quality are being rewarded.,https://www.ishares.com/us/products/256101/ishares-msci-usa-quality-factor-etf
14,True,SCHD,SCHD,ETF,USD,DIAGNOSTIC,CONFIRMATION,False,REFERENCE,US,US_STYLE_FACTOR,factor,U.S. dividend quality/value,Schwab U.S. Dividend Equity ETF,Dow Jones U.S. Dividend 100 Index,Developed,U.S.-focused,,,ITOT,,,,1.0,,True,True,300,260,20,63,20,20,50,200,252,5,0.3,0.25,0.2,0.15,0.1,close>sma50>sma200,v1.1,Useful slower-moving style confirmation.,https://www.schwabassetmanagement.com/products/schd
15,True,USMV,USMV,ETF,USD,DIAGNOSTIC,CONFIRMATION,False,REFERENCE,US,US_STYLE_FACTOR,factor,U.S. minimum volatility,iShares MSCI USA Min Vol Factor ETF,MSCI USA Minimum Volatility Index,Developed,U.S.-only benchmark,,,ITOT,,,,1.0,,True,True,300,260,20,63,20,20,50,200,252,5,0.3,0.25,0.2,0.15,0.1,close>sma50>sma200,v1.1,Rising relative strength can flag defensive rotation.,https://www.ishares.com/us/products/239695/ishares-msci-minimum-volatility-etf
16,True,XLB,XLB,ETF,USD,CORE,SIGNAL,True,CROSS_SECTIONAL,US,US_SECTOR,sector,Materials,Materials Select Sector SPDR Fund,Materials Select Sector Index,Developed,U.S. S&P 500 sector,Materials,,SPY,,MXI,US_VS_GLOBAL_SECTOR,1.0,,True,True,300,260,20,63,20,20,50,200,252,5,0.3,0.25,0.2,0.15,0.1,close>sma50>sma200,v1.1,Use MXI on the global sheet to compare U.S. materials with global materials.,https://www.ssga.com/us/en/intermediary/capabilities/equities/sector-investing/select-sector-etfs
17,True,XLC,XLC,ETF,USD,CORE,SIGNAL,True,CROSS_SECTIONAL,US,US_SECTOR,sector,Communication Services,Communication Services Select Sector SPDR Fund,Communication Services Select Sector Index,Developed,U.S. S&P 500 sector,Communication Services,,SPY,,IXP,US_VS_GLOBAL_SECTOR,1.0,,True,True,300,260,20,63,20,20,50,200,252,5,0.3,0.25,0.2,0.15,0.1,close>sma50>sma200,v1.1,Use IXP for global comparison.,https://www.ssga.com/us/en/intermediary/capabilities/equities/sector-investing/select-sector-etfs
18,True,XLE,XLE,ETF,USD,CORE,SIGNAL,True,CROSS_SECTIONAL,US,US_SECTOR,sector,Energy,Energy Select Sector SPDR Fund,Energy Select Sector Index,Developed,U.S. S&P 500 sector,Energy,,SPY,,IXC,US_VS_GLOBAL_SECTOR,1.0,,True,True,300,260,20,63,20,20,50,200,252,5,0.3,0.25,0.2,0.15,0.1,close>sma50>sma200,v1.1,Use IXC for global comparison.,https://www.ssga.com/us/en/intermediary/capabilities/equities/sector-investing/select-sector-etfs
19,True,XLF,XLF,ETF,USD,CORE,SIGNAL,True,CROSS_SECTIONAL,US,US_SECTOR,sector,Financials,Financial Select Sector SPDR Fund,Financial Select Sector Index,Developed,U.S. S&P 500 sector,Financials,,SPY,,IXG,US_VS_GLOBAL_SECTOR,1.0,,True,True,300,260,20,63,20,20,50,200,252,5,0.3,0.25,0.2,0.15,0.1,close>sma50>sma200,v1.1,Use IXG for global comparison.,https://www.ssga.com/us/en/intermediary/capabilities/equities/sector-investing/select-sector-etfs
20,True,XLI,XLI,ETF,USD,CORE,SIGNAL,True,CROSS_SECTIONAL,US,US_SECTOR,sector,Industrials,Industrial Select Sector SPDR Fund,Industrial Select Sector Index,Developed,U.S. S&P 500 sector,Industrials,,SPY,,EXI,US_VS_GLOBAL_SECTOR,1.0,,True,True,300,260,20,63,20,20,50,200,252,5,0.3,0.25,0.2,0.15,0.1,close>sma50>sma200,v1.1,Use EXI for global comparison.,https://www.ssga.com/us/en/intermediary/capabilities/equities/sector-investing/select-sector-etfs
21,True,XLK,XLK,ETF,USD,CORE,SIGNAL,True,CROSS_SECTIONAL,US,US_SECTOR,sector,Information Technology,Technology Select Sector SPDR Fund,Technology Select Sector Index,Developed,U.S. S&P 500 sector,Information Technology,,SPY,,IXN,US_VS_GLOBAL_SECTOR,1.0,,True,True,300,260,20,63,20,20,50,200,252,5,0.3,0.25,0.2,0.15,0.1,close>sma50>sma200,v1.1,Use IXN for global comparison.,https://www.ssga.com/us/en/intermediary/capabilities/equities/sector-investing/select-sector-etfs
22,True,XLP,XLP,ETF,USD,CORE,SIGNAL,True,CROSS_SECTIONAL,US,US_SECTOR,sector,Consumer Staples,Consumer Staples Select Sector SPDR Fund,Consumer Staples Select Sector Index,Developed,U.S. S&P 500 sector,Consumer Staples,,SPY,,KXI,US_VS_GLOBAL_SECTOR,1.0,,True,True,300,260,20,63,20,20,50,200,252,5,0.3,0.25,0.2,0.15,0.1,close>sma50>sma200,v1.1,Broad staples sector; not only food/staples retailing.,https://www.ssga.com/us/en/intermediary/capabilities/equities/sector-investing/select-sector-etfs
23,True,XLRE,XLRE,ETF,USD,CORE,SIGNAL,True,CROSS_SECTIONAL,US,US_SECTOR,sector,Real Estate,Real Estate Select Sector SPDR Fund,Real Estate Select Sector Index,Developed,U.S. S&P 500 sector,Real Estate,,SPY,,REET,US_VS_GLOBAL_SECTOR,1.0,,True,True,300,260,20,63,20,20,50,200,252,5,0.3,0.25,0.2,0.15,0.1,close>sma50>sma200,v1.1,Cleaner apples-to-apples sector comparison than VNQ.,https://www.ssga.com/us/en/intermediary/capabilities/equities/sector-investing/select-sector-etfs
24,True,XLU,XLU,ETF,USD,CORE,SIGNAL,True,CROSS_SECTIONAL,US,US_SECTOR,sector,Utilities,Utilities Select Sector SPDR Fund,Utilities Select Sector Index,Developed,U.S. S&P 500 sector,Utilities,,SPY,,JXI,US_VS_GLOBAL_SECTOR,1.0,,True,True,300,260,20,63,20,20,50,200,252,5,0.3,0.25,0.2,0.15,0.1,close>sma50>sma200,v1.1,Use JXI for global comparison.,https://www.ssga.com/us/en/intermediary/capabilities/equities/sector-investing/select-sector-etfs
25,True,XLV,XLV,ETF,USD,CORE,SIGNAL,True,CROSS_SECTIONAL,US,US_SECTOR,sector,Health Care,Health Care Select Sector SPDR Fund,Health Care Select Sector Index,Developed,U.S. S&P 500 sector,Health Care,,SPY,,IXJ,US_VS_GLOBAL_SECTOR,1.0,,True,True,300,260,20,63,20,20,50,200,252,5,0.3,0.25,0.2,0.15,0.1,close>sma50>sma200,v1.1,Use IXJ for global comparison.,https://www.ssga.com/us/en/intermediary/capabilities/equities/sector-investing/select-sector-etfs
26,True,XLY,XLY,ETF,USD,CORE,SIGNAL,True,CROSS_SECTIONAL,US,US_SECTOR,sector,Consumer Discretionary,Consumer Discretionary Select Sector SPDR Fund,Consumer Discretionary Select Sector Index,Developed,U.S. S&P 500 sector,Consumer Discretionary,,SPY,,RXI,US_VS_GLOBAL_SECTOR,1.0,,True,True,300,260,20,63,20,20,50,200,252,5,0.3,0.25,0.2,0.15,0.1,close>sma50>sma200,v1.1,Use RXI for global comparison.,https://www.ssga.com/us/en/intermediary/capabilities/equities/sector-investing/select-sector-etfs
27,True,FDN,FDN,ETF,USD,CORE,SIGNAL,True,CROSS_SECTIONAL,US,US_INDUSTRY_THEME,industry,Internet,First Trust Dow Jones Internet Index Fund,Dow Jones Internet Composite Index,Developed,U.S.-listed internet companies,Communication Services,Internet,SPY,XLC,,,,,True,True,300,260,20,63,20,20,50,200,252,5,0.3,0.25,0.2,0.15,0.1,close>sma50>sma200,v1.1,Narrower growth-heavy communication/technology crossover.,https://www.ftportfolios.com/Retail/Etf/EtfSummary.aspx?Ticker=FDN
28,True,IGV,IGV,ETF,USD,CORE,SIGNAL,True,CROSS_SECTIONAL,NORTH_AMERICA,US_INDUSTRY_THEME,industry,Software,iShares Expanded Tech-Software Sector ETF,S&P North American Expanded Technology Software Index,,North America,Information Technology,Software,SPY,XLK,,,,,True,True,300,260,20,63,20,20,50,200,252,5,0.3,0.25,0.2,0.15,0.1,close>sma50>sma200,v1.1,Not pure U.S.; benchmark is North American. | Keep geography flag so it is not mistaken for a pure domestic industry basket.,https://www.ishares.com/us/products/239771/ishares-north-american-techsoftware-etf
29,True,IHF,IHF,ETF,USD,CORE,SIGNAL,True,CROSS_SECTIONAL,US,US_INDUSTRY_THEME,industry,Health Care Providers,iShares U.S. Healthcare Providers ETF,Dow Jones U.S. Select Health Care Providers Index,Developed,U.S.-focused industry,Health Care,Health Care Providers,SPY,XLV,,,1.0,,True,True,300,260,20,63,20,20,50,200,252,5,0.3,0.25,0.2,0.15,0.1,close>sma50>sma200,v1.1,Separates providers from devices and biotech.,https://www.ishares.com/us/products/etf-investments
30,True,IHI,IHI,ETF,USD,CORE,SIGNAL,True,CROSS_SECTIONAL,US,US_INDUSTRY_THEME,industry,Medical Devices,iShares U.S. Medical Devices ETF,Dow Jones U.S. Select Medical Equipment Index,Developed,U.S.-focused industry,Health Care,Medical Devices,SPY,XLV,,,,,True,True,300,260,20,63,20,20,50,200,252,5,0.3,0.25,0.2,0.15,0.1,close>sma50>sma200,v1.1,More precise than broad 'Health Care Equipment & Services'.,https://www.ishares.com/us/products/239516/ishares-us-medical-devices-etf
31,True,ITA,ITA,ETF,USD,CORE,SIGNAL,True,CROSS_SECTIONAL,US,US_INDUSTRY_THEME,industry,Aerospace & Defense,iShares U.S. Aerospace & Defense ETF,Dow Jones U.S. Select Aerospace & Defense Index,Developed,U.S.-focused industry,Industrials,Aerospace & Defense,SPY,XLI,,,1.0,,True,True,300,260,20,63,20,20,50,200,252,5,0.3,0.25,0.2,0.15,0.1,close>sma50>sma200,v1.1,Useful structural/cyclical industrial signal.,https://www.ishares.com/us/products/239502/ITA
32,True,IYG,IYG,ETF,USD,CORE,SIGNAL,True,CROSS_SECTIONAL,US,US_INDUSTRY_THEME,industry,Financial Services,iShares U.S. Financial Services ETF,Dow Jones U.S. Financial Services Index,Developed,U.S.-focused industry,Financials,Financial Services,SPY,XLF,,,1.0,,True,True,300,260,20,63,20,20,50,200,252,5,0.3,0.25,0.2,0.15,0.1,close>sma50>sma200,v1.1,Broader financial-services slice than banks alone.,https://www.ishares.com/us/products/239509/ishares-us-financial-services-etf
33,True,IYT,IYT,ETF,USD,CORE,SIGNAL,True,CROSS_SECTIONAL,US,US_INDUSTRY_THEME,industry,Transportation,iShares U.S. Transportation ETF,S&P Transportation Select Industry FMC Capped Index,Developed,U.S.-focused industry,Industrials,Transportation,SPY,XLI,,,1.0,,True,True,300,260,20,63,20,20,50,200,252,5,0.3,0.25,0.2,0.15,0.1,close>sma50>sma200,v1.1,"Better benchmark parent is XLI or SPY, not DIA.",https://www.ishares.com/us/products/239501/ishares-transportation-average-etf
34,True,IYZ,IYZ,ETF,USD,CORE,SIGNAL,True,CROSS_SECTIONAL,US,US_INDUSTRY_THEME,industry,Telecommunications,iShares U.S. Telecommunications ETF,Russell 1000 Telecommunications RIC 22.5/45 Capped Index,Developed,U.S.-focused industry,Communication Services,Telecommunications,SPY,XLC,,,1.0,,True,True,300,260,20,63,20,20,50,200,252,5,0.3,0.25,0.2,0.15,0.1,close>sma50>sma200,v1.1,Use XLC for broader communication services including media/platforms.,https://www.ishares.com/us/products/239523/ishares-us-telecommunications-etf
35,True,KBE,KBE,ETF,USD,CORE,SIGNAL,True,CROSS_SECTIONAL,US,US_INDUSTRY_THEME,industry,Banks,SPDR S&P Bank ETF,S&P Banks Select Industry Index,Developed,U.S.-focused industry,Financials,Banks,SPY,XLF,,,1.0,,True,True,300,260,20,63,20,20,50,200,252,5,0.3,0.25,0.2,0.15,0.1,close>sma50>sma200,v1.1,Use KRE to isolate regional banks.,https://www.ssga.com/us/en/intermediary/etfs
36,True,KIE,KIE,ETF,USD,CORE,SIGNAL,True,CROSS_SECTIONAL,US,US_INDUSTRY_THEME,industry,Insurance,SPDR S&P Insurance ETF,S&P Insurance Select Industry Index,Developed,U.S.-focused industry,Financials,Insurance,SPY,XLF,,,1.0,,True,True,300,260,20,63,20,20,50,200,252,5,0.3,0.25,0.2,0.15,0.1,close>sma50>sma200,v1.1,Useful financials sub-industry signal.,https://www.ssga.com/us/en/intermediary/etfs
37,True,KRE,KRE,ETF,USD,CORE,SIGNAL,True,CROSS_SECTIONAL,US,US_INDUSTRY_THEME,industry,Regional Banks,SPDR S&P Regional Banking ETF,S&P Regional Banks Select Industry Index,Developed,U.S.-focused industry,Financials,Regional Banks,SPY,XLF,,,1.0,,True,True,300,260,20,63,20,20,50,200,252,5,0.3,0.25,0.2,0.15,0.1,close>sma50>sma200,v1.1,Useful stress and domestic-credit signal.,https://www.ssga.com/us/en/intermediary/etfs
38,True,PAVE,PAVE,ETF,USD,CORE,SIGNAL,True,CROSS_SECTIONAL,US,US_INDUSTRY_THEME,theme,U.S. infrastructure,Global X U.S. Infrastructure Development ETF,Indxx U.S. Infrastructure Development Index,Developed,U.S.-focused theme,Industrials,U.S. infrastructure,SPY,XLI,,,1.0,,True,True,300,260,20,63,20,20,50,200,252,5,0.3,0.25,0.2,0.15,0.1,close>sma50>sma200,v1.1,Useful industrial/materials crossover signal.,https://www.globalxetfs.com/funds/pave
39,True,PBJ,PBJ,ETF,USD,CORE,SIGNAL,True,CROSS_SECTIONAL,MIXED_US_LISTED,US_INDUSTRY_THEME,industry,Food & Beverage,Invesco Food & Beverage ETF,Dynamic Food & Beverage Intellidex Index,,"U.S.-focused, some foreign domicile",Consumer Staples,Food & Beverage,SPY,XLP,,,0.9232,46203.0,True,True,300,260,20,63,20,20,50,200,252,5,0.3,0.25,0.2,0.15,0.1,close>sma50>sma200,v1.1,"Index is U.S.-focused, but issuer geography can include non-U.S. exposure; use XLP as parent sector.",https://www.invesco.com/us/en/financial-products/etfs/invesco-food-beverage-etf.html
40,True,PEJ,PEJ,ETF,USD,CORE,SIGNAL,True,CROSS_SECTIONAL,US,US_INDUSTRY_THEME,industry,Leisure & Entertainment,Invesco Leisure and Entertainment ETF,Dynamic Leisure & Entertainment Intellidex Index,Developed,U.S.-focused industry,Consumer Discretionary,Leisure & Entertainment,SPY,XLY,,,1.0,,True,True,300,260,20,63,20,20,50,200,252,5,0.3,0.25,0.2,0.15,0.1,close>sma50>sma200,v1.1,More precise label than generic Consumer Services.,https://www.invesco.com/us/en/financial-products/etfs/invesco-leisure-and-entertainment-etf.html
41,True,REZ,REZ,ETF,USD,CORE,SIGNAL,True,CROSS_SECTIONAL,US,US_INDUSTRY_THEME,industry,Residential & Multisector Real Estate,iShares Residential and Multisector Real Estate ETF,FTSE Nareit All Residential Capped Index,Developed,U.S.-focused real estate,Real Estate,Residential & Multisector Real Estate,SPY,XLRE,,,1.0,,True,True,300,260,20,63,20,20,50,200,252,5,0.3,0.25,0.2,0.15,0.1,close>sma50>sma200,v1.1,More precise than 'Real Estate Management & Development'.,https://www.ishares.com/us/products/etf-investments
42,True,SMH,SMH,ETF,USD,CORE,SIGNAL,True,CROSS_SECTIONAL,MIXED_US_LISTED,US_INDUSTRY_THEME,industry,Semiconductors,VanEck Semiconductor ETF,MVIS US Listed Semiconductor 25 Index,,U.S.-listed / global issuers,Information Technology,Semiconductors,SPY,XLK,,,,,True,True,300,260,20,63,20,20,50,200,252,5,0.3,0.25,0.2,0.15,0.1,close>sma50>sma200,v1.1,Contains major foreign semiconductor firms through U.S.-listed shares/ADRs; not a pure U.S.-company basket. | Contains large foreign semiconductor firms such as TSMC and ASML alongside U.S. companies.,https://www.vaneck.com/us/en/investments/etf/
43,True,VNQ,VNQ,ETF,USD,CORE,SIGNAL,True,CROSS_SECTIONAL,US,US_INDUSTRY_THEME,industry,U.S. Real Estate / REITs,Vanguard Real Estate ETF,MSCI US Investable Market Real Estate 25/50 Index,Developed,U.S.-focused real estate,Real Estate,U.S. Real Estate / REITs,SPY,XLRE,REET,US_VS_GLOBAL_SECTOR,1.0,,True,True,300,260,20,63,20,20,50,200,252,5,0.3,0.25,0.2,0.15,0.1,close>sma50>sma200,v1.1,Broader than S&P 500 real estate; compare with XLRE rather than treating SPY as its only parent.,https://investor.vanguard.com/investment-products/etfs/profile/vnq
44,True,XBI,XBI,ETF,USD,CORE,SIGNAL,True,CROSS_SECTIONAL,US,US_INDUSTRY_THEME,industry,Biotechnology,SPDR S&P Biotech ETF,S&P Biotechnology Select Industry Index,Developed,U.S.-listed biotech,Health Care,Biotechnology,SPY,XLV,,,,,True,True,300,260,20,63,20,20,50,200,252,5,0.3,0.25,0.2,0.15,0.1,close>sma50>sma200,v1.1,"More specific than 'Pharma, Biotech & Life Sciences'.",https://www.ssga.com/us/en/intermediary/etfs
45,True,XHB,XHB,ETF,USD,CORE,SIGNAL,True,CROSS_SECTIONAL,US,US_INDUSTRY_THEME,industry,Homebuilders,SPDR S&P Homebuilders ETF,S&P Homebuilders Select Industry Index,Developed,U.S.-focused industry,Consumer Discretionary,Homebuilders,SPY,XLY,,,1.0,,True,True,300,260,20,63,20,20,50,200,252,5,0.3,0.25,0.2,0.15,0.1,close>sma50>sma200,v1.1,Not a broad Consumer Durables & Apparel ETF.,https://www.ssga.com/us/en/intermediary/etfs
46,True,XME,XME,ETF,USD,CORE,SIGNAL,True,CROSS_SECTIONAL,US,US_INDUSTRY_THEME,industry,Metals & Mining,SPDR S&P Metals & Mining ETF,S&P Metals & Mining Select Industry Index,Developed,U.S.-focused industry,Materials,Metals & Mining,SPY,XLB,,,1.0,,True,True,300,260,20,63,20,20,50,200,252,5,0.3,0.25,0.2,0.15,0.1,close>sma50>sma200,v1.1,High beta to metals cycle; compare with XLB and global MXI.,https://www.ssga.com/us/en/intermediary/etfs
47,True,XOP,XOP,ETF,USD,CORE,SIGNAL,True,CROSS_SECTIONAL,US,US_INDUSTRY_THEME,industry,Oil & Gas Exploration & Production,SPDR S&P Oil & Gas Exploration & Production ETF,S&P Oil & Gas Exploration & Production Select Industry Index,Developed,U.S.-focused industry,Energy,Oil & Gas Exploration & Production,SPY,XLE,,,1.0,,True,True,300,260,20,63,20,20,50,200,252,5,0.3,0.25,0.2,0.15,0.1,close>sma50>sma200,v1.1,Useful for separating producer strength from integrated majors in XLE.,https://www.ssga.com/us/en/intermediary/etfs
48,True,XRT,XRT,ETF,USD,CORE,SIGNAL,True,CROSS_SECTIONAL,US,US_INDUSTRY_THEME,industry,Retail,SPDR S&P Retail ETF,S&P Retail Select Industry Index,Developed,U.S.-focused industry,Consumer Discretionary,Retail,SPY,XLY,,,1.0,,True,True,300,260,20,63,20,20,50,200,252,5,0.3,0.25,0.2,0.15,0.1,close>sma50>sma200,v1.1,More precise label than 'consumer discretionary distribution'.,https://www.ssga.com/us/en/intermediary/etfs/state-street-spdr-sp-retail-etf-xrt
49,True,REM,REM,ETF,USD,EXTENDED,SIGNAL,True,CROSS_SECTIONAL,US,US_INDUSTRY_THEME,industry,Mortgage Real Estate,iShares Mortgage Real Estate ETF,FTSE Nareit All Mortgage Capped Index,Developed,U.S.-focused real estate,Real Estate,Mortgage Real Estate,SPY,XLRE,,,1.0,,True,True,300,260,20,63,20,20,50,200,252,5,0.3,0.25,0.2,0.15,0.1,close>sma50>sma200,v1.1,Separate from equity REITs; higher income/rate sensitivity.,https://www.ishares.com/us/products/etf-investments
50,True,XPH,XPH,ETF,USD,EXTENDED,SIGNAL,True,CROSS_SECTIONAL,US,US_INDUSTRY_THEME,industry,Pharmaceuticals,SPDR S&P Pharmaceuticals ETF,S&P Pharmaceuticals Select Industry Index,Developed,U.S.-focused industry,Health Care,Pharmaceuticals,SPY,XLV,,,1.0,,True,True,300,260,20,63,20,20,50,200,252,5,0.3,0.25,0.2,0.15,0.1,close>sma50>sma200,v1.1,Useful when pharma diverges from biotech.,https://www.ssga.com/us/en/intermediary/etfs
51,True,IBB,IBB,ETF,USD,DIAGNOSTIC,CONFIRMATION,False,REFERENCE,US,US_INDUSTRY_THEME,industry,Biotechnology,iShares Biotechnology ETF,NYSE Biotechnology Index,Developed,U.S.-listed biotech,Health Care,Biotechnology,SPY,XLV,,,,,True,True,300,260,20,63,20,20,50,200,252,5,0.3,0.25,0.2,0.15,0.1,close>sma50>sma200,v1.1,More concentrated than XBI; useful pair.,https://www.ishares.com/us/products/239699/IBB
52,True,ITB,ITB,ETF,USD,DIAGNOSTIC,CONFIRMATION,False,REFERENCE,US,US_INDUSTRY_THEME,industry,Home construction,iShares U.S. Home Construction ETF,Dow Jones U.S. Select Home Construction Index,Developed,U.S.-focused industry,Consumer Discretionary,Home construction,SPY,XLY,,,1.0,,True,True,300,260,20,63,20,20,50,200,252,5,0.3,0.25,0.2,0.15,0.1,close>sma50>sma200,v1.1,More concentrated than XHB; compare both for confirmation.,https://www.ishares.com/us/products/239512/ishares-us-home-construction-etf
53,True,IYJ,IYJ,ETF,USD,DIAGNOSTIC,CONFIRMATION,False,REFERENCE,US,US_INDUSTRY_THEME,industry,Broad U.S. Industrials,iShares U.S. Industrials ETF,Russell 1000 Industrials 40 Act 15/22.5 Daily Capped Index,Developed,U.S.-focused industry,Industrials,Broad U.S. Industrials,SPY,XLI,,,1.0,,True,True,300,260,20,63,20,20,50,200,252,5,0.3,0.25,0.2,0.15,0.1,close>sma50>sma200,v1.1,Do not split IYJ into separate Capital Goods and Commercial Services rows; it is one broad Industrials ETF.,https://www.ishares.com/us/products/239514/ishares-us-industrials-etf
54,True,IYK,IYK,ETF,USD,DIAGNOSTIC,CONFIRMATION,False,REFERENCE,US,US_INDUSTRY_THEME,industry,Broad U.S. Consumer Staples,iShares U.S. Consumer Staples ETF,Russell 1000 Consumer Staples RIC 22.5/45 Capped Index,Developed,U.S.-focused industry,Consumer Staples,Broad U.S. Consumer Staples,SPY,XLP,,,1.0,,True,True,300,260,20,63,20,20,50,200,252,5,0.3,0.25,0.2,0.15,0.1,close>sma50>sma200,v1.1,Not specifically Household & Personal Products; it covers the broad staples sector.,https://www.ishares.com/us/products/etf-investments
55,True,IYW,IYW,ETF,USD,DIAGNOSTIC,CONFIRMATION,False,REFERENCE,US,US_INDUSTRY_THEME,industry,Broad U.S. Technology,iShares U.S. Technology ETF,Russell 1000 Technology RIC 22.5/45 Capped Index,Developed,U.S.-focused industry,Information Technology,Broad U.S. Technology,SPY,XLK,,,1.0,,True,True,300,260,20,63,20,20,50,200,252,5,0.3,0.25,0.2,0.15,0.1,close>sma50>sma200,v1.1,"Overlaps XLK heavily; use as confirmation, not an independent flow signal.",https://www.ishares.com/us/products/etf-investments
56,True,SOXX,SOXX,ETF,USD,DIAGNOSTIC,CONFIRMATION,False,REFERENCE,US,US_INDUSTRY_THEME,industry,Semiconductors,iShares Semiconductor ETF,NYSE Semiconductor Index,Developed,U.S.-listed semiconductors,Information Technology,Semiconductors,SPY,XLK,,,,,True,True,300,260,20,63,20,20,50,200,252,5,0.3,0.25,0.2,0.15,0.1,close>sma50>sma200,v1.1,Use with SMH to reduce single-index methodology bias.,https://www.ishares.com/us/products/etf-investments
57,True,XAR,XAR,ETF,USD,DIAGNOSTIC,CONFIRMATION,False,REFERENCE,US,US_INDUSTRY_THEME,industry,Aerospace & Defense equal-ish weight,SPDR S&P Aerospace & Defense ETF,S&P Aerospace & Defense Select Industry Index,Developed,U.S.-focused industry,Industrials,Aerospace & Defense equal-ish weight,SPY,XLI,,,1.0,,True,True,300,260,20,63,20,20,50,200,252,5,0.3,0.25,0.2,0.15,0.1,close>sma50>sma200,v1.1,Compare with more concentrated ITA.,https://www.ssga.com/us/en/intermediary/etfs
58,True,ACWI,ACWI,ETF,USD,CORE,BENCHMARK,False,REFERENCE,GLOBAL_INCL_US,GLOBAL_BROAD,broad,"All-country world, large/mid",iShares MSCI ACWI ETF,MSCI All Country World Index,Global,Global developed + emerging,,,,,,,0.638,46241.0,True,True,300,260,20,63,20,20,50,200,252,5,0.3,0.25,0.2,0.15,0.1,close>sma50>sma200,v1.1,Current issuer geography; includes both developed and emerging markets.,https://www.ishares.com/us/products/239600/ishares-msci-acwi-etf
59,True,CIBR,CIBR,ETF,USD,CORE,SIGNAL,True,CROSS_SECTIONAL,GLOBAL_INCL_US,US_INDUSTRY_THEME,theme,Cybersecurity,First Trust Nasdaq Cybersecurity ETF,Nasdaq CTA Cybersecurity Index,,U.S.-listed / global issuers possible,Information Technology,Cybersecurity,SPY,XLK,,,,,True,True,300,260,20,63,20,20,50,200,252,5,0.3,0.25,0.2,0.15,0.1,close>sma50>sma200,v1.1,Useful secular-tech subtheme; treat as narrower than IGV/XLK.,https://www.ftportfolios.com/Retail/Etf/EtfSummary.aspx?Ticker=CIBR
60,True,OIH,OIH,ETF,USD,CORE,SIGNAL,True,CROSS_SECTIONAL,GLOBAL_INCL_US,US_INDUSTRY_THEME,industry,Oil Services,VanEck Oil Services ETF,MVIS U.S. Listed Oil Services 25 Index,,U.S.-listed / global issuers possible,Energy,Oil Services,SPY,XLE,,,,,True,True,300,260,20,63,20,20,50,200,252,5,0.3,0.25,0.2,0.15,0.1,close>sma50>sma200,v1.1,U.S.-listed eligibility does not necessarily mean U.S.-domiciled companies only.,https://www.vaneck.com/us/en/investments/etf/
61,True,URTH,URTH,ETF,USD,CORE,CONFIRMATION,False,REFERENCE,GLOBAL_INCL_US,GLOBAL_BROAD,broad,"Developed world, large/mid",iShares MSCI World ETF,MSCI World Index,Global,Global developed markets,,,ACWI,,,,0.7211,46241.0,True,True,300,260,20,63,20,20,50,200,252,5,0.3,0.25,0.2,0.15,0.1,close>sma50>sma200,v1.1,Excludes emerging markets; useful against ACWI to see EM contribution.,https://www.ishares.com/us/products/239696/URTH
62,True,VT,VT,ETF,USD,CORE,CONFIRMATION,False,REFERENCE,GLOBAL_INCL_US,GLOBAL_BROAD,broad,"Total world, all-cap",Vanguard Total World Stock ETF,FTSE Global All Cap Index,Global,"Global developed + emerging, all-cap",,,ACWI,,,,0.6207,46203.0,True,True,300,260,20,63,20,20,50,200,252,5,0.3,0.25,0.2,0.15,0.1,close>sma50>sma200,v1.1,US weight is approximately 100% minus Vanguard-reported foreign holdings of 37.93%.,https://investor.vanguard.com/investment-products/etfs/profile/vt
63,True,SKYY,SKYY,ETF,USD,EXTENDED,SIGNAL,True,CROSS_SECTIONAL,GLOBAL_INCL_US,US_INDUSTRY_THEME,theme,Cloud Computing,First Trust Cloud Computing ETF,ISE CTA Cloud Computing Index,,U.S.-listed / global issuers possible,Information Technology,Cloud Computing,SPY,XLK,,,,,True,True,300,260,20,63,20,20,50,200,252,5,0.3,0.25,0.2,0.15,0.1,close>sma50>sma200,v1.1,Good software/cloud subtheme diagnostic.,https://www.ftportfolios.com/Retail/Etf/EtfSummary.aspx?Ticker=SKYY
64,True,IOO,IOO,ETF,USD,EXTENDED,CONFIRMATION,False,REFERENCE,GLOBAL_INCL_US,GLOBAL_BROAD,broad,Global mega caps,iShares Global 100 ETF,S&P Global 100 Index,Global,Global large / mega cap,,,ACWI,,,,0.803,46241.0,True,True,300,260,20,63,20,20,50,200,252,5,0.3,0.25,0.2,0.15,0.1,close>sma50>sma200,v1.1,High U.S. weight; useful as a global mega-cap concentration diagnostic.,https://www.ishares.com/us/products/239737/ishares-global-100-etf
65,True,SPGM,SPGM,ETF,USD,EXTENDED,CONFIRMATION,False,REFERENCE,GLOBAL_INCL_US,GLOBAL_BROAD,broad,Global all-cap,State Street SPDR Portfolio MSCI Global Stock Market ETF,MSCI ACWI IMI Index,Global,"Global developed + emerging, all-cap",,,ACWI,,,,,46203.0,True,True,300,260,20,63,20,20,50,200,252,5,0.3,0.25,0.2,0.15,0.1,close>sma50>sma200,v1.1,Covers about 99% of the global equity opportunity set; exact U.S. weight should be refreshed from holdings when needed.,https://www.ssga.com/us/en/intermediary/etfs/state-street-spdr-portfolio-msci-global-stock-market-etf-spgm
66,True,EXI,EXI,ETF,USD,CORE,SIGNAL,True,CROSS_SECTIONAL,GLOBAL_INCL_US,GLOBAL_SECTOR,sector,Global Industrials,iShares Global Industrials ETF,S&P Global 1200 Industrials Sector Capped Index,Global,Global sector,Industrials,,ACWI,,XLI,GLOBAL_VS_US_SECTOR,0.5603,46241.0,True,True,300,260,20,63,20,20,50,200,252,5,0.3,0.25,0.2,0.15,0.1,close>sma50>sma200,v1.1,Pair with XLI.,https://www.ishares.com/us/products/239745/ishares-global-industrials-etf
67,True,IXC,IXC,ETF,USD,CORE,SIGNAL,True,CROSS_SECTIONAL,GLOBAL_INCL_US,GLOBAL_SECTOR,sector,Global Energy,iShares Global Energy ETF,S&P Global 1200 Energy Sector Capped Index,Global,Global sector,Energy,,ACWI,,XLE,GLOBAL_VS_US_SECTOR,0.5961,46241.0,True,True,300,260,20,63,20,20,50,200,252,5,0.3,0.25,0.2,0.15,0.1,close>sma50>sma200,v1.1,Pair with XLE.,https://www.ishares.com/us/products/239741/ishares-global-energy-etf
68,True,IXG,IXG,ETF,USD,CORE,SIGNAL,True,CROSS_SECTIONAL,GLOBAL_INCL_US,GLOBAL_SECTOR,sector,Global Financials,iShares Global Financials ETF,S&P Global 1200 Financials Sector Capped Index,Global,Global sector,Financials,,ACWI,,XLF,GLOBAL_VS_US_SECTOR,0.5046,46241.0,True,True,300,260,20,63,20,20,50,200,252,5,0.3,0.25,0.2,0.15,0.1,close>sma50>sma200,v1.1,Pair with XLF; roughly half U.S. at the stated date.,https://www.ishares.com/us/products/239742/ishares-global-financials-etf
69,True,IXJ,IXJ,ETF,USD,CORE,SIGNAL,True,CROSS_SECTIONAL,GLOBAL_INCL_US,GLOBAL_SECTOR,sector,Global Health Care,iShares Global Healthcare ETF,S&P Global 1200 Health Care Sector Capped Index,Global,Global sector,Health Care,,ACWI,,XLV,GLOBAL_VS_US_SECTOR,0.714,46241.0,True,True,300,260,20,63,20,20,50,200,252,5,0.3,0.25,0.2,0.15,0.1,close>sma50>sma200,v1.1,Pair with XLV.,https://www.ishares.com/us/products/239744/ishares-global-healthcare-etf
70,True,IXN,IXN,ETF,USD,CORE,SIGNAL,True,CROSS_SECTIONAL,GLOBAL_INCL_US,GLOBAL_SECTOR,sector,Global Technology,iShares Global Tech ETF,S&P Global 1200 Information Technology 4.5/22.5/45 Capped Index,Global,Global sector,Technology,,ACWI,,XLK,GLOBAL_VS_US_SECTOR,0.7841,46241.0,True,True,300,260,20,63,20,20,50,200,252,5,0.3,0.25,0.2,0.15,0.1,close>sma50>sma200,v1.1,"Pair with XLK; still U.S.-dominant, but includes Taiwan, Korea, Japan, Netherlands and others.",https://www.ishares.com/us/products/239750/ishares-global-tech-etf
71,True,IXP,IXP,ETF,USD,CORE,SIGNAL,True,CROSS_SECTIONAL,GLOBAL_INCL_US,GLOBAL_SECTOR,sector,Global Communication Services,iShares Global Comm Services ETF,S&P Global 1200 Communication Services Sector Capped Index,Global,Global sector,Communication Services,,ACWI,,XLC,GLOBAL_VS_US_SECTOR,0.6877,46241.0,True,True,300,260,20,63,20,20,50,200,252,5,0.3,0.25,0.2,0.15,0.1,close>sma50>sma200,v1.1,Pair with XLC.,https://www.ishares.com/us/products/239751/ishares-global-comm-services-etf
72,True,JXI,JXI,ETF,USD,CORE,SIGNAL,True,CROSS_SECTIONAL,GLOBAL_INCL_US,GLOBAL_SECTOR,sector,Global Utilities,iShares Global Utilities ETF,S&P Global 1200 Utilities Sector Capped Index,Global,Global sector,Utilities,,ACWI,,XLU,GLOBAL_VS_US_SECTOR,0.6099,46241.0,True,True,300,260,20,63,20,20,50,200,252,5,0.3,0.25,0.2,0.15,0.1,close>sma50>sma200,v1.1,Pair with XLU.,https://www.ishares.com/us/products/239753/ishares-global-utilities-etf
73,True,KXI,KXI,ETF,USD,CORE,SIGNAL,True,CROSS_SECTIONAL,GLOBAL_INCL_US,GLOBAL_SECTOR,sector,Global Consumer Staples,iShares Global Consumer Staples ETF,S&P Global 1200 Consumer Staples Sector Capped Index,Global,Global sector,Consumer Staples,,ACWI,,XLP,GLOBAL_VS_US_SECTOR,0.5872,46241.0,True,True,300,260,20,63,20,20,50,200,252,5,0.3,0.25,0.2,0.15,0.1,close>sma50>sma200,v1.1,Pair with XLP.,https://www.ishares.com/us/products/239740/ishares-global-consumer-staples-etf
74,True,MXI,MXI,ETF,USD,CORE,SIGNAL,True,CROSS_SECTIONAL,GLOBAL_INCL_US,GLOBAL_SECTOR,sector,Global Materials,iShares Global Materials ETF,S&P Global 1200 Materials (Sector) Capped Index,Global,Global sector,Materials,,ACWI,,XLB,GLOBAL_VS_US_SECTOR,0.3774,46241.0,True,True,300,260,20,63,20,20,50,200,252,5,0.3,0.25,0.2,0.15,0.1,close>sma50>sma200,v1.1,Pair with XLB. Low U.S. share means the pair can reveal meaningful geographic divergence.,https://www.ishares.com/us/products/239748/ishares-global-materials-etf
75,True,RXI,RXI,ETF,USD,CORE,SIGNAL,True,CROSS_SECTIONAL,GLOBAL_INCL_US,GLOBAL_SECTOR,sector,Global Consumer Discretionary,iShares Global Consumer Discretionary ETF,S&P Global 1200 Consumer Discretionary Sector Capped Index,Global,Global sector,Consumer Discretionary,,ACWI,,XLY,GLOBAL_VS_US_SECTOR,0.6053,46241.0,True,True,300,260,20,63,20,20,50,200,252,5,0.3,0.25,0.2,0.15,0.1,close>sma50>sma200,v1.1,Pair with XLY.,https://www.ishares.com/us/products/239739/ishares-global-consumer-discretionary-etf
76,True,REET,REET,ETF,USD,CORE,SIGNAL,True,PAIR,GLOBAL_INCL_US,GLOBAL_REAL_ESTATE,sector,Global REITs,iShares Global REIT ETF,FTSE EPRA Nareit Global REITs Index,Global,Global real estate,Real Estate,,ACWI,,XLRE,GLOBAL_VS_US_SECTOR,0.7287,46241.0,True,True,300,260,20,63,20,20,50,200,252,5,0.3,0.25,0.2,0.15,0.1,close>sma50>sma200,v1.1,Pair with VNQ/XLRE; meaningful non-U.S. REIT component remains.,https://www.ishares.com/us/products/268752/ishares-global-reit-etf
77,True,RWO,RWO,ETF,USD,EXTENDED,CONFIRMATION,False,REFERENCE,GLOBAL_INCL_US,GLOBAL_REAL_ESTATE,sector,Global Real Estate,SPDR Dow Jones Global Real Estate ETF,Dow Jones Global Select Real Estate Securities Index,Global,Global real estate,Real Estate,,ACWI,,XLRE,GLOBAL_VS_US_SECTOR,0.7273,46203.0,True,True,300,260,20,63,20,20,50,200,252,5,0.3,0.25,0.2,0.15,0.1,close>sma50>sma200,v1.1,Similar role to REET; one is usually enough in the daily core set.,https://www.ssga.com/us/en/intermediary/etfs/spdr-dow-jones-global-real-estate-etf-rwo
78,True,CARZ,CARZ,ETF,USD,DIAGNOSTIC,CONFIRMATION,False,REFERENCE,GLOBAL_INCL_US,GLOBAL_THEME,theme,Future vehicles & enabling technology,First Trust S-Network Future Vehicles & Technology ETF,S-Network Electric & Future Vehicle Ecosystem Index,,Global theme,Consumer Discretionary,Future vehicles & enabling technology,ACWI,XLY,,,0.5792,46241.0,True,True,300,260,20,63,20,20,50,200,252,5,0.3,0.25,0.2,0.15,0.1,close>sma50>sma200,v1.1,"Since 2022 it is no longer the old Nasdaq Global Auto index; it includes vehicles, semiconductors, technology and enabling materials worldwide. | Current country exposure is only about 58% U.S.; not a simple U.S. automobile-industry proxy.",https://www.ftportfolios.com/Retail/Etf/EtfSummary.aspx?Ticker=CARZ
79,True,ACWX,ACWX,ETF,USD,CORE,BENCHMARK,False,REFERENCE,EX_US,EXUS_BROAD,broad,"All-world ex-US, large/mid",iShares MSCI ACWI ex U.S. ETF,MSCI ACWI ex USA,Developed + Emerging,Global ex-US,,,,,ITOT,EXUS_VS_US_BROAD,0.0,,True,True,300,260,20,63,20,20,50,200,252,5,0.3,0.25,0.2,0.15,0.1,close>sma50>sma200,v1.1,Overlaps heavily with VXUS/IXUS/VEU; keep one as the main comparison benchmark,https://www.ishares.com/us/products/etf-investments
80,True,EEM,EEM,ETF,USD,CORE,SIGNAL,True,CROSS_SECTIONAL,EX_US,EXUS_BROAD,broad,"Emerging markets, large/mid",iShares MSCI Emerging Markets ETF,MSCI Emerging Markets,Emerging,Emerging Markets,,,ACWX,ACWX,,,0.0,,True,True,300,260,20,63,20,20,50,200,252,5,0.3,0.25,0.2,0.15,0.1,close>sma50>sma200,v1.1,MSCI treats South Korea as emerging; differs from FTSE/VWO,https://www.ishares.com/us/products/etf-investments
81,True,EFA,EFA,ETF,USD,CORE,SIGNAL,True,CROSS_SECTIONAL,EX_US,EXUS_BROAD,broad,"EAFE developed, large/mid",iShares MSCI EAFE ETF,MSCI EAFE,Developed,EAFE,,,ACWX,ACWX,,,0.0,,True,True,300,260,20,63,20,20,50,200,252,5,0.3,0.25,0.2,0.15,0.1,close>sma50>sma200,v1.1,EAFE excludes Canada; useful for OHLCV because of liquidity,https://www.ishares.com/us/products/etf-investments
82,True,EMXC,EMXC,ETF,USD,CORE,SIGNAL,True,CROSS_SECTIONAL,EX_US,EXUS_BROAD,diagnostic,Emerging markets ex-China,iShares MSCI Emerging Markets ex China ETF,MSCI Emerging Markets ex China,Emerging,Emerging ex-China,,,ACWX,ACWX,,,0.0,,True,True,300,260,20,63,20,20,50,200,252,5,0.3,0.25,0.2,0.15,0.1,close>sma50>sma200,v1.1,Compare with EEM/IEMG and MCHI,https://www.ishares.com/us/products/etf-investments
83,True,SCZ,SCZ,ETF,USD,CORE,SIGNAL,True,CROSS_SECTIONAL,EX_US,EXUS_BROAD,size,EAFE small cap,iShares MSCI EAFE Small-Cap ETF,MSCI EAFE Small Cap,Developed,EAFE,,,ACWX,EFA,,,0.0,,True,True,300,260,20,63,20,20,50,200,252,5,0.3,0.25,0.2,0.15,0.1,close>sma50>sma200,v1.1,Pairs well with EFA,https://www.ishares.com/us/products/etf-investments
84,True,VEA,VEA,ETF,USD,CORE,SIGNAL,True,CROSS_SECTIONAL,EX_US,EXUS_BROAD,broad,Developed markets ex-US,Vanguard FTSE Developed Markets ETF,FTSE Developed All Cap ex US,Developed,Developed ex-US,,,ACWX,ACWX,,,0.0,,True,True,300,260,20,63,20,20,50,200,252,5,0.3,0.25,0.2,0.15,0.1,close>sma50>sma200,v1.1,FTSE includes Canada and classifies South Korea as developed,https://investor.vanguard.com/investment-products/etfs
85,True,VSS,VSS,ETF,USD,CORE,SIGNAL,True,CROSS_SECTIONAL,EX_US,EXUS_BROAD,size,International small cap,Vanguard FTSE All-World ex-US Small-Cap ETF,FTSE Global Small Cap ex US,Developed + Emerging,Global ex-US,,,ACWX,ACWX,,,0.0,,True,True,300,260,20,63,20,20,50,200,252,5,0.3,0.25,0.2,0.15,0.1,close>sma50>sma200,v1.1,Excellent complement to ACWX/VXUS,https://investor.vanguard.com/investment-products/etfs
86,True,VWO,VWO,ETF,USD,CORE,SIGNAL,True,CROSS_SECTIONAL,EX_US,EXUS_BROAD,broad,"Emerging markets, broad",Vanguard FTSE Emerging Markets ETF,FTSE Emerging Markets All Cap China A Inclusion,Emerging,Emerging Markets,,,ACWX,ACWX,,,0.0,,True,True,300,260,20,63,20,20,50,200,252,5,0.3,0.25,0.2,0.15,0.1,close>sma50>sma200,v1.1,FTSE classification differs from MSCI; notably South Korea treatment,https://investor.vanguard.com/investment-products/etfs
87,True,IEFA,IEFA,ETF,USD,EXTENDED,CONFIRMATION,False,REFERENCE,EX_US,EXUS_BROAD,broad,"EAFE developed, broad",iShares Core MSCI EAFE ETF,MSCI EAFE IMI,Developed,EAFE,,,ACWX,ACWX,,,0.0,,True,True,300,260,20,63,20,20,50,200,252,5,0.3,0.25,0.2,0.15,0.1,close>sma50>sma200,v1.1,EAFE excludes U.S. and Canada,https://www.ishares.com/us/products/etf-investments
88,True,IEMG,IEMG,ETF,USD,EXTENDED,CONFIRMATION,False,REFERENCE,EX_US,EXUS_BROAD,broad,"Emerging markets, broad IMI",iShares Core MSCI Emerging Markets ETF,MSCI Emerging Markets IMI,Emerging,Emerging Markets,,,ACWX,ACWX,,,0.0,,True,True,300,260,20,63,20,20,50,200,252,5,0.3,0.25,0.2,0.15,0.1,close>sma50>sma200,v1.1,More complete coverage than EEM,https://www.ishares.com/us/products/etf-investments
89,True,IXUS,IXUS,ETF,USD,EXTENDED,CONFIRMATION,False,REFERENCE,EX_US,EXUS_BROAD,broad,"Total international, all-cap",iShares Core MSCI Total International Stock ETF,MSCI ACWI ex USA IMI,Developed + Emerging,Global ex-US,,,ACWX,ACWX,,,0.0,,True,True,300,260,20,63,20,20,50,200,252,5,0.3,0.25,0.2,0.15,0.1,close>sma50>sma200,v1.1,Very similar role to VXUS,https://www.ishares.com/us/products/etf-investments
90,True,VEU,VEU,ETF,USD,EXTENDED,CONFIRMATION,False,REFERENCE,EX_US,EXUS_BROAD,broad,"All-world ex-US, large/mid",Vanguard FTSE All-World ex-US ETF,FTSE All-World ex US,Developed + Emerging,Global ex-US,,,ACWX,ACWX,,,0.0,,True,True,300,260,20,63,20,20,50,200,252,5,0.3,0.25,0.2,0.15,0.1,close>sma50>sma200,v1.1,More large/mid focused than VXUS,https://investor.vanguard.com/investment-products/etfs
91,True,VXUS,VXUS,ETF,USD,EXTENDED,CONFIRMATION,False,REFERENCE,EX_US,EXUS_BROAD,broad,"Total international, all-cap",Vanguard Total International Stock ETF,FTSE Global All Cap ex US,Developed + Emerging,Global ex-US,,,ACWX,ACWX,,,0.0,,True,True,300,260,20,63,20,20,50,200,252,5,0.3,0.25,0.2,0.15,0.1,close>sma50>sma200,v1.1,Contains small caps; broader than ACWX,https://investor.vanguard.com/investment-products/etfs
92,True,AAXJ,AAXJ,ETF,USD,CORE,SIGNAL,True,CROSS_SECTIONAL,EX_US,EXUS_REGION,region,Asia ex-Japan,iShares MSCI All Country Asia ex Japan ETF,MSCI AC Asia ex Japan,Developed + Emerging,Asia ex-Japan,,,ACWX,EEM,,,0.0,,True,True,300,260,20,63,20,20,50,200,252,5,0.3,0.25,0.2,0.15,0.1,close>sma50>sma200,v1.1,"Includes China, Taiwan, Korea, India and SE Asia",https://www.ishares.com/us/products/etf-investments
93,True,EPP,EPP,ETF,USD,CORE,SIGNAL,True,CROSS_SECTIONAL,EX_US,EXUS_REGION,region,Pacific ex-Japan,iShares MSCI Pacific ex Japan ETF,MSCI Pacific ex Japan,Developed,Pacific ex-Japan,,,ACWX,VEA,,,0.0,,True,True,300,260,20,63,20,20,50,200,252,5,0.3,0.25,0.2,0.15,0.1,close>sma50>sma200,v1.1,Useful paired with EWJ,https://www.ishares.com/us/products/etf-investments
94,True,FEZ,FEZ,ETF,USD,CORE,SIGNAL,True,CROSS_SECTIONAL,EX_US,EXUS_REGION,region,Eurozone blue chips,SPDR EURO STOXX 50 ETF,EURO STOXX 50,Developed,Eurozone,,,ACWX,VEA,,,0.0,,True,True,300,260,20,63,20,20,50,200,252,5,0.3,0.25,0.2,0.15,0.1,close>sma50>sma200,v1.1,Narrower than VGK/EZU; excludes UK/Switzerland,https://www.ssga.com/us/en/intermediary/capabilities/etfs
95,True,ILF,ILF,ETF,USD,CORE,SIGNAL,True,CROSS_SECTIONAL,EX_US,EXUS_REGION,region,Latin America large caps,iShares Latin America 40 ETF,S&P Latin America 40,Emerging,Latin America,,,ACWX,EEM,,,0.0,,True,True,300,260,20,63,20,20,50,200,252,5,0.3,0.25,0.2,0.15,0.1,close>sma50>sma200,v1.1,Concentrated in Brazil/Mexico; use country ETFs for attribution,https://www.ishares.com/us/products/etf-investments
96,True,VGK,VGK,ETF,USD,CORE,SIGNAL,True,CROSS_SECTIONAL,EX_US,EXUS_REGION,region,Developed Europe,Vanguard FTSE Europe ETF,FTSE Developed Europe All Cap,Developed,Europe,,,ACWX,VEA,,,0.0,,True,True,300,260,20,63,20,20,50,200,252,5,0.3,0.25,0.2,0.15,0.1,close>sma50>sma200,v1.1,Broad Europe including UK and Switzerland,https://investor.vanguard.com/investment-products/etfs
97,True,VPL,VPL,ETF,USD,CORE,SIGNAL,True,CROSS_SECTIONAL,EX_US,EXUS_REGION,region,Developed Pacific incl. Japan,Vanguard FTSE Pacific ETF,FTSE Developed Asia Pacific All Cap,Developed,Pacific,,,ACWX,VEA,,,0.0,,True,True,300,260,20,63,20,20,50,200,252,5,0.3,0.25,0.2,0.15,0.1,close>sma50>sma200,v1.1,Japan is a major weight; includes Australia/HK/Singapore/NZ,https://investor.vanguard.com/investment-products/etfs
98,True,AFK,AFK,ETF,USD,EXTENDED,SIGNAL,True,CROSS_SECTIONAL,EX_US,EXUS_REGION,region,Africa,VanEck Africa Index ETF,MVIS GDP Africa,Emerging / Frontier mix,Africa,,,ACWX,EEM,,,0.0,,True,True,300,260,20,63,20,20,50,200,252,5,0.3,0.25,0.2,0.15,0.1,close>sma50>sma200,v1.1,Lower liquidity; treat as secondary confirmation,https://www.vaneck.com/us/en/investments/etf/
99,True,ASEA,ASEA,ETF,USD,EXTENDED,SIGNAL,True,CROSS_SECTIONAL,EX_US,EXUS_REGION,region,Southeast Asia,Global X FTSE Southeast Asia ETF,FTSE/ASEAN 40,Developed + Emerging,Southeast Asia,,,ACWX,EEM,,,0.0,,True,True,300,260,20,63,20,20,50,200,252,5,0.3,0.25,0.2,0.15,0.1,close>sma50>sma200,v1.1,Lower volume; use as secondary signal,https://www.globalxetfs.com/funds
100,True,EZU,EZU,ETF,USD,EXTENDED,CONFIRMATION,False,REFERENCE,EX_US,EXUS_REGION,region,Eurozone broad,iShares MSCI Eurozone ETF,MSCI EMU,Developed,Eurozone,,,ACWX,VEA,,,0.0,,True,True,300,260,20,63,20,20,50,200,252,5,0.3,0.25,0.2,0.15,0.1,close>sma50>sma200,v1.1,Broader than FEZ,https://www.ishares.com/us/products/etf-investments
101,True,IEUR,IEUR,ETF,USD,EXTENDED,CONFIRMATION,False,REFERENCE,EX_US,EXUS_REGION,region,Developed Europe,iShares Core MSCI Europe ETF,MSCI Europe IMI,Developed,Europe,,,ACWX,VEA,,,0.0,,True,True,300,260,20,63,20,20,50,200,252,5,0.3,0.25,0.2,0.15,0.1,close>sma50>sma200,v1.1,Similar role to VGK,https://www.ishares.com/us/products/etf-investments
102,True,EIDO,EIDO,ETF,USD,CORE,SIGNAL,True,CROSS_SECTIONAL,EX_US,EXUS_COUNTRY,country,Indonesia,iShares MSCI Indonesia ETF,MSCI Indonesia,Emerging,Southeast Asia,,,ACWX,ASEA,,,0.0,,True,True,300,260,20,63,20,20,50,200,252,5,0.3,0.25,0.2,0.15,0.1,close>sma50>sma200,v1.1,Useful commodity/domestic-demand read,https://www.ishares.com/us/products/etf-investments
103,True,EWA,EWA,ETF,USD,CORE,SIGNAL,True,CROSS_SECTIONAL,EX_US,EXUS_COUNTRY,country,Australia,iShares MSCI Australia ETF,MSCI Australia,Developed,Pacific,,,ACWX,VPL,,,0.0,,True,True,300,260,20,63,20,20,50,200,252,5,0.3,0.25,0.2,0.15,0.1,close>sma50>sma200,v1.1,Financials/materials-heavy; commodity-cycle read,https://www.ishares.com/us/products/etf-investments
104,True,EWC,EWC,ETF,USD,CORE,SIGNAL,True,CROSS_SECTIONAL,EX_US,EXUS_COUNTRY,country,Canada,iShares MSCI Canada ETF,MSCI Canada capped family,Developed,North America ex-US,,,ACWX,ACWX,,,0.0,,True,True,300,260,20,63,20,20,50,200,252,5,0.3,0.25,0.2,0.15,0.1,close>sma50>sma200,v1.1,Important omission in EAFE; meaningful energy/financials exposure,https://www.ishares.com/us/products/etf-investments
105,True,EWG,EWG,ETF,USD,CORE,SIGNAL,True,CROSS_SECTIONAL,EX_US,EXUS_COUNTRY,country,Germany,iShares MSCI Germany ETF,MSCI Germany,Developed,Europe,,,ACWX,FEZ,,,0.0,,True,True,300,260,20,63,20,20,50,200,252,5,0.3,0.25,0.2,0.15,0.1,close>sma50>sma200,v1.1,Useful industrial/export cycle read,https://www.ishares.com/us/products/etf-investments
106,True,EWH,EWH,ETF,USD,CORE,SIGNAL,True,CROSS_SECTIONAL,EX_US,EXUS_COUNTRY,country,Hong Kong,iShares MSCI Hong Kong ETF,MSCI Hong Kong,Developed,Asia,,,ACWX,VPL,,,0.0,,True,True,300,260,20,63,20,20,50,200,252,5,0.3,0.25,0.2,0.15,0.1,close>sma50>sma200,v1.1,Distinct from China mainland exposure,https://www.ishares.com/us/products/etf-investments
107,True,EWJ,EWJ,ETF,USD,CORE,SIGNAL,True,CROSS_SECTIONAL,EX_US,EXUS_COUNTRY,country,Japan,iShares MSCI Japan ETF,MSCI Japan,Developed,Japan,,,ACWX,VPL,,,0.0,,True,True,300,260,20,63,20,20,50,200,252,5,0.3,0.25,0.2,0.15,0.1,close>sma50>sma200,v1.1,Very liquid; compare with DXJ to isolate FX effect,https://www.ishares.com/us/products/etf-investments
108,True,EWL,EWL,ETF,USD,CORE,SIGNAL,True,CROSS_SECTIONAL,EX_US,EXUS_COUNTRY,country,Switzerland,iShares MSCI Switzerland ETF,MSCI Switzerland,Developed,Europe,,,ACWX,VGK,,,0.0,,True,True,300,260,20,63,20,20,50,200,252,5,0.3,0.25,0.2,0.15,0.1,close>sma50>sma200,v1.1,Not in eurozone; large defensive multinationals,https://www.ishares.com/us/products/etf-investments
109,True,EWS,EWS,ETF,USD,CORE,SIGNAL,True,CROSS_SECTIONAL,EX_US,EXUS_COUNTRY,country,Singapore,iShares MSCI Singapore ETF,MSCI Singapore,Developed,Southeast Asia,,,ACWX,VPL,,,0.0,,True,True,300,260,20,63,20,20,50,200,252,5,0.3,0.25,0.2,0.15,0.1,close>sma50>sma200,v1.1,Useful with ASEA,https://www.ishares.com/us/products/etf-investments
110,True,EWT,EWT,ETF,USD,CORE,SIGNAL,True,CROSS_SECTIONAL,EX_US,EXUS_COUNTRY,country,Taiwan,iShares MSCI Taiwan ETF,MSCI Taiwan 25/50,Emerging,Asia,,,ACWX,AAXJ,,,0.0,,True,True,300,260,20,63,20,20,50,200,252,5,0.3,0.25,0.2,0.15,0.1,close>sma50>sma200,v1.1,Very important EM tech exposure,https://www.ishares.com/us/products/etf-investments
111,True,EWU,EWU,ETF,USD,CORE,SIGNAL,True,CROSS_SECTIONAL,EX_US,EXUS_COUNTRY,country,United Kingdom,iShares MSCI United Kingdom ETF,MSCI United Kingdom,Developed,Europe,,,ACWX,VGK,,,0.0,,True,True,300,260,20,63,20,20,50,200,252,5,0.3,0.25,0.2,0.15,0.1,close>sma50>sma200,v1.1,Large financials/energy exposure,https://www.ishares.com/us/products/etf-investments
112,True,EWW,EWW,ETF,USD,CORE,SIGNAL,True,CROSS_SECTIONAL,EX_US,EXUS_COUNTRY,country,Mexico,iShares MSCI Mexico ETF,MSCI Mexico,Emerging,Latin America,,,ACWX,ILF,,,0.0,,True,True,300,260,20,63,20,20,50,200,252,5,0.3,0.25,0.2,0.15,0.1,close>sma50>sma200,v1.1,Nearshoring / U.S.-trade sensitivity,https://www.ishares.com/us/products/etf-investments
113,True,EWY,EWY,ETF,USD,CORE,SIGNAL,True,CROSS_SECTIONAL,EX_US,EXUS_COUNTRY,country,South Korea,iShares MSCI South Korea ETF,MSCI Korea,Emerging under MSCI,Asia,,,ACWX,AAXJ,,,0.0,,True,True,300,260,20,63,20,20,50,200,252,5,0.3,0.25,0.2,0.15,0.1,close>sma50>sma200,v1.1,Critical for MSCI vs FTSE classification differences,https://www.ishares.com/us/products/etf-investments
114,True,EWZ,EWZ,ETF,USD,CORE,SIGNAL,True,CROSS_SECTIONAL,EX_US,EXUS_COUNTRY,country,Brazil,iShares MSCI Brazil ETF,MSCI Brazil 25/50,Emerging,Latin America,,,ACWX,ILF,,,0.0,,True,True,300,260,20,63,20,20,50,200,252,5,0.3,0.25,0.2,0.15,0.1,close>sma50>sma200,v1.1,Highly liquid; commodities/financials sensitivity,https://www.ishares.com/us/products/etf-investments
115,True,EZA,EZA,ETF,USD,CORE,SIGNAL,True,CROSS_SECTIONAL,EX_US,EXUS_COUNTRY,country,South Africa,iShares MSCI South Africa ETF,MSCI South Africa 25/50,Emerging,Africa,,,ACWX,AFK,,,0.0,,True,True,300,260,20,63,20,20,50,200,252,5,0.3,0.25,0.2,0.15,0.1,close>sma50>sma200,v1.1,Largest liquid single-country Africa proxy,https://www.ishares.com/us/products/etf-investments
116,True,INDA,INDA,ETF,USD,CORE,SIGNAL,True,CROSS_SECTIONAL,EX_US,EXUS_COUNTRY,country,India,iShares MSCI India ETF,MSCI India,Emerging,India,,,ACWX,AAXJ,,,0.0,,True,True,300,260,20,63,20,20,50,200,252,5,0.3,0.25,0.2,0.15,0.1,close>sma50>sma200,v1.1,Large and increasingly important EM weight,https://www.ishares.com/us/products/etf-investments
117,True,KSA,KSA,ETF,USD,CORE,SIGNAL,True,CROSS_SECTIONAL,EX_US,EXUS_COUNTRY,country,Saudi Arabia,iShares MSCI Saudi Arabia ETF,MSCI Saudi Arabia IMI 25/50,Emerging,Middle East,,,ACWX,EEM,,,0.0,,True,True,300,260,20,63,20,20,50,200,252,5,0.3,0.25,0.2,0.15,0.1,close>sma50>sma200,v1.1,Energy/financials and reform-cycle exposure,https://www.ishares.com/us/products/etf-investments
118,True,MCHI,MCHI,ETF,USD,CORE,SIGNAL,True,CROSS_SECTIONAL,EX_US,EXUS_COUNTRY,country,China broad,iShares MSCI China ETF,MSCI China,Emerging,China,,,ACWX,AAXJ,,,0.0,,True,True,300,260,20,63,20,20,50,200,252,5,0.3,0.25,0.2,0.15,0.1,close>sma50>sma200,v1.1,Use KWEB/CQQQ/KBA only for decomposition,https://www.ishares.com/us/products/etf-investments
119,True,VNM,VNM,ETF,USD,CORE,SIGNAL,True,CROSS_SECTIONAL,EX_US,EXUS_COUNTRY,country,Vietnam,VanEck Vietnam ETF,MarketVector Vietnam Local Index family,Frontier / Emerging transition,Southeast Asia,,,ACWX,ASEA,,,0.0,,True,True,300,260,20,63,20,20,50,200,252,5,0.3,0.25,0.2,0.15,0.1,close>sma50>sma200,v1.1,Useful replacement for lost broad frontier ETF access,https://www.vaneck.com/us/en/investments/etf/
120,True,ARGT,ARGT,ETF,USD,EXTENDED,SIGNAL,True,CROSS_SECTIONAL,EX_US,EXUS_COUNTRY,country,Argentina,Global X MSCI Argentina ETF,MSCI All Argentina 25/50,Standalone / frontier-like,Latin America,,,ACWX,ILF,,,0.0,,True,True,300,260,20,63,20,20,50,200,252,5,0.3,0.25,0.2,0.15,0.1,close>sma50>sma200,v1.1,High volatility and concentration,https://www.globalxetfs.com/funds
121,True,ECH,ECH,ETF,USD,EXTENDED,SIGNAL,True,CROSS_SECTIONAL,EX_US,EXUS_COUNTRY,country,Chile,iShares MSCI Chile ETF,MSCI Chile,Emerging,Latin America,,,ACWX,ILF,,,0.0,,True,True,300,260,20,63,20,20,50,200,252,5,0.3,0.25,0.2,0.15,0.1,close>sma50>sma200,v1.1,Copper/materials sensitivity,https://www.ishares.com/us/products/etf-investments
122,True,EDEN,EDEN,ETF,USD,EXTENDED,SIGNAL,True,CROSS_SECTIONAL,EX_US,EXUS_COUNTRY,country,Denmark,iShares MSCI Denmark ETF,MSCI Denmark,Developed,Europe,,,ACWX,VGK,,,0.0,,True,True,300,260,20,63,20,20,50,200,252,5,0.3,0.25,0.2,0.15,0.1,close>sma50>sma200,v1.1,Can be concentrated,https://www.ishares.com/us/products/etf-investments
123,True,EFNL,EFNL,ETF,USD,EXTENDED,SIGNAL,True,CROSS_SECTIONAL,EX_US,EXUS_COUNTRY,country,Finland,iShares MSCI Finland ETF,MSCI Finland,Developed,Europe,,,ACWX,VGK,,,0.0,,True,True,300,260,20,63,20,20,50,200,252,5,0.3,0.25,0.2,0.15,0.1,close>sma50>sma200,v1.1,Lower volume,https://www.ishares.com/us/products/etf-investments
124,True,EIRL,EIRL,ETF,USD,EXTENDED,SIGNAL,True,CROSS_SECTIONAL,EX_US,EXUS_COUNTRY,country,Ireland,iShares MSCI Ireland ETF,MSCI All Ireland Capped,Developed,Europe,,,ACWX,VGK,,,0.0,,True,True,300,260,20,63,20,20,50,200,252,5,0.3,0.25,0.2,0.15,0.1,close>sma50>sma200,v1.1,Low volume; use only as confirmation,https://www.ishares.com/us/products/etf-investments
125,True,EIS,EIS,ETF,USD,EXTENDED,SIGNAL,True,CROSS_SECTIONAL,EX_US,EXUS_COUNTRY,country,Israel,iShares MSCI Israel ETF,MSCI Israel,Developed,Middle East,,,ACWX,EEM,,,0.0,,True,True,300,260,20,63,20,20,50,200,252,5,0.3,0.25,0.2,0.15,0.1,close>sma50>sma200,v1.1,Geopolitical/event risk can dominate,https://www.ishares.com/us/products/etf-investments
126,True,ENOR,ENOR,ETF,USD,EXTENDED,SIGNAL,True,CROSS_SECTIONAL,EX_US,EXUS_COUNTRY,country,Norway,iShares MSCI Norway ETF,MSCI Norway,Developed,Europe,,,ACWX,VGK,,,0.0,,True,True,300,260,20,63,20,20,50,200,252,5,0.3,0.25,0.2,0.15,0.1,close>sma50>sma200,v1.1,Useful alongside oil/energy regimes,https://www.ishares.com/us/products/etf-investments
127,True,ENZL,ENZL,ETF,USD,EXTENDED,SIGNAL,True,CROSS_SECTIONAL,EX_US,EXUS_COUNTRY,country,New Zealand,iShares MSCI New Zealand ETF,MSCI New Zealand,Developed,Pacific,,,ACWX,VPL,,,0.0,,True,True,300,260,20,63,20,20,50,200,252,5,0.3,0.25,0.2,0.15,0.1,close>sma50>sma200,v1.1,Lower volume,https://www.ishares.com/us/products/etf-investments
128,True,EPHE,EPHE,ETF,USD,EXTENDED,SIGNAL,True,CROSS_SECTIONAL,EX_US,EXUS_COUNTRY,country,Philippines,iShares MSCI Philippines ETF,MSCI Philippines,Emerging,Southeast Asia,,,ACWX,ASEA,,,0.0,,True,True,300,260,20,63,20,20,50,200,252,5,0.3,0.25,0.2,0.15,0.1,close>sma50>sma200,v1.1,Lower volume,https://www.ishares.com/us/products/etf-investments
129,True,EPOL,EPOL,ETF,USD,EXTENDED,SIGNAL,True,CROSS_SECTIONAL,EX_US,EXUS_COUNTRY,country,Poland,iShares MSCI Poland ETF,MSCI Poland,Emerging / Developed classification varies,Europe,,,ACWX,VGK,,,0.0,,True,True,300,260,20,63,20,20,50,200,252,5,0.3,0.25,0.2,0.15,0.1,close>sma50>sma200,v1.1,Classification differs by index provider,https://www.ishares.com/us/products/etf-investments
130,True,EPU,EPU,ETF,USD,EXTENDED,SIGNAL,True,CROSS_SECTIONAL,EX_US,EXUS_COUNTRY,country,Peru,iShares MSCI Peru and Global Exposure ETF,MSCI Peru / global exposure methodology,Emerging,Latin America,,,ACWX,ILF,,,0.0,,True,True,300,260,20,63,20,20,50,200,252,5,0.3,0.25,0.2,0.15,0.1,close>sma50>sma200,v1.1,Very low volume; mining-heavy,https://www.ishares.com/us/products/etf-investments
131,True,EWD,EWD,ETF,USD,EXTENDED,SIGNAL,True,CROSS_SECTIONAL,EX_US,EXUS_COUNTRY,country,Sweden,iShares MSCI Sweden ETF,MSCI Sweden,Developed,Europe,,,ACWX,VGK,,,0.0,,True,True,300,260,20,63,20,20,50,200,252,5,0.3,0.25,0.2,0.15,0.1,close>sma50>sma200,v1.1,Secondary country signal,https://www.ishares.com/us/products/etf-investments
132,True,EWI,EWI,ETF,USD,EXTENDED,SIGNAL,True,CROSS_SECTIONAL,EX_US,EXUS_COUNTRY,country,Italy,iShares MSCI Italy ETF,MSCI Italy,Developed,Europe,,,ACWX,FEZ,,,0.0,,True,True,300,260,20,63,20,20,50,200,252,5,0.3,0.25,0.2,0.15,0.1,close>sma50>sma200,v1.1,Financials/industrials sensitive,https://www.ishares.com/us/products/etf-investments
133,True,EWM,EWM,ETF,USD,EXTENDED,SIGNAL,True,CROSS_SECTIONAL,EX_US,EXUS_COUNTRY,country,Malaysia,iShares MSCI Malaysia ETF,MSCI Malaysia,Emerging,Southeast Asia,,,ACWX,ASEA,,,0.0,,True,True,300,260,20,63,20,20,50,200,252,5,0.3,0.25,0.2,0.15,0.1,close>sma50>sma200,v1.1,Secondary ASEAN signal,https://www.ishares.com/us/products/etf-investments
134,True,EWN,EWN,ETF,USD,EXTENDED,SIGNAL,True,CROSS_SECTIONAL,EX_US,EXUS_COUNTRY,country,Netherlands,iShares MSCI Netherlands ETF,MSCI Netherlands,Developed,Europe,,,ACWX,FEZ,,,0.0,,True,True,300,260,20,63,20,20,50,200,252,5,0.3,0.25,0.2,0.15,0.1,close>sma50>sma200,v1.1,Can be concentrated in a few large names,https://www.ishares.com/us/products/etf-investments
135,True,EWO,EWO,ETF,USD,EXTENDED,SIGNAL,True,CROSS_SECTIONAL,EX_US,EXUS_COUNTRY,country,Austria,iShares MSCI Austria ETF,MSCI Austria,Developed,Europe,,,ACWX,FEZ,,,0.0,,True,True,300,260,20,63,20,20,50,200,252,5,0.3,0.25,0.2,0.15,0.1,close>sma50>sma200,v1.1,Low volume,https://www.ishares.com/us/products/etf-investments
136,True,EWP,EWP,ETF,USD,EXTENDED,SIGNAL,True,CROSS_SECTIONAL,EX_US,EXUS_COUNTRY,country,Spain,iShares MSCI Spain ETF,MSCI Spain,Developed,Europe,,,ACWX,FEZ,,,0.0,,True,True,300,260,20,63,20,20,50,200,252,5,0.3,0.25,0.2,0.15,0.1,close>sma50>sma200,v1.1,Financials/utilities sensitive,https://www.ishares.com/us/products/etf-investments
137,True,EWQ,EWQ,ETF,USD,EXTENDED,SIGNAL,True,CROSS_SECTIONAL,EX_US,EXUS_COUNTRY,country,France,iShares MSCI France ETF,MSCI France,Developed,Europe,,,ACWX,FEZ,,,0.0,,True,True,300,260,20,63,20,20,50,200,252,5,0.3,0.25,0.2,0.15,0.1,close>sma50>sma200,v1.1,Useful when France diverges from FEZ/VGK,https://www.ishares.com/us/products/etf-investments
138,True,GREK,GREK,ETF,USD,EXTENDED,SIGNAL,True,CROSS_SECTIONAL,EX_US,EXUS_COUNTRY,country,Greece,Global X MSCI Greece ETF,MSCI All Greece Select 25/50,Emerging / Developed classification varies,Europe,,,ACWX,FEZ,,,0.0,,True,True,300,260,20,63,20,20,50,200,252,5,0.3,0.25,0.2,0.15,0.1,close>sma50>sma200,v1.1,Lower volume / concentrated,https://www.globalxetfs.com/funds
139,True,QAT,QAT,ETF,USD,EXTENDED,SIGNAL,True,CROSS_SECTIONAL,EX_US,EXUS_COUNTRY,country,Qatar,iShares MSCI Qatar ETF,MSCI Qatar,Emerging,Middle East,,,ACWX,EEM,,,0.0,,True,True,300,260,20,63,20,20,50,200,252,5,0.3,0.25,0.2,0.15,0.1,close>sma50>sma200,v1.1,Low volume; secondary Gulf signal,https://www.ishares.com/us/products/etf-investments
140,True,THD,THD,ETF,USD,EXTENDED,SIGNAL,True,CROSS_SECTIONAL,EX_US,EXUS_COUNTRY,country,Thailand,iShares MSCI Thailand ETF,MSCI Thailand IMI 25/50,Emerging,Southeast Asia,,,ACWX,ASEA,,,0.0,,True,True,300,260,20,63,20,20,50,200,252,5,0.3,0.25,0.2,0.15,0.1,close>sma50>sma200,v1.1,Lower volume,https://www.ishares.com/us/products/etf-investments
141,True,TUR,TUR,ETF,USD,EXTENDED,SIGNAL,True,CROSS_SECTIONAL,EX_US,EXUS_COUNTRY,country,Turkey,iShares MSCI Turkey ETF,MSCI Turkey,Emerging,Europe / Middle East,,,ACWX,VGK,,,0.0,,True,True,300,260,20,63,20,20,50,200,252,5,0.3,0.25,0.2,0.15,0.1,close>sma50>sma200,v1.1,Lower volume; high volatility,https://www.ishares.com/us/products/etf-investments
142,True,UAE,UAE,ETF,USD,EXTENDED,SIGNAL,True,CROSS_SECTIONAL,EX_US,EXUS_COUNTRY,country,United Arab Emirates,iShares MSCI UAE ETF,MSCI UAE,Emerging,Middle East,,,ACWX,EEM,,,0.0,,True,True,300,260,20,63,20,20,50,200,252,5,0.3,0.25,0.2,0.15,0.1,close>sma50>sma200,v1.1,Secondary Gulf signal,https://www.ishares.com/us/products/etf-investments
143,True,DEM,DEM,ETF,USD,DIAGNOSTIC,CONFIRMATION,False,REFERENCE,EX_US,EXUS_FACTOR,factor,EM high dividend,WisdomTree Emerging Markets High Dividend Fund,WisdomTree Emerging Markets High Dividend Index,Emerging,Emerging Markets,,EM high dividend,ACWX,EEM,,,0.0,,True,True,300,260,20,63,20,20,50,200,252,5,0.3,0.25,0.2,0.15,0.1,close>sma50>sma200,v1.1,Factor not pure market-cap benchmark,https://www.wisdomtree.com/investments/etfs
144,True,DGS,DGS,ETF,USD,DIAGNOSTIC,CONFIRMATION,False,REFERENCE,EX_US,EXUS_FACTOR,factor,EM small-cap dividend,WisdomTree Emerging Markets SmallCap Dividend Fund,WisdomTree Emerging Markets SmallCap Dividend Index,Emerging,Emerging Markets,,EM small-cap dividend,ACWX,EEM,,,0.0,,True,True,300,260,20,63,20,20,50,200,252,5,0.3,0.25,0.2,0.15,0.1,close>sma50>sma200,v1.1,Lower volume,https://www.wisdomtree.com/investments/etfs
145,True,EEMO,EEMO,ETF,USD,DIAGNOSTIC,CONFIRMATION,False,REFERENCE,EX_US,EXUS_FACTOR,factor,EM momentum,Invesco S&P Emerging Markets Momentum ETF,S&P Momentum Emerging Plus LargeMidCap,Emerging,Emerging Markets,,EM momentum,ACWX,EEM,,,0.0,,True,True,300,260,20,63,20,20,50,200,252,5,0.3,0.25,0.2,0.15,0.1,close>sma50>sma200,v1.1,Lower volume than EEM,https://www.invesco.com/us/en/financial-products/etfs.html
146,True,EEMV,EEMV,ETF,USD,DIAGNOSTIC,CONFIRMATION,False,REFERENCE,EX_US,EXUS_FACTOR,factor,EM minimum volatility,iShares MSCI Emerging Markets Min Vol Factor ETF,MSCI Emerging Markets Minimum Volatility,Emerging,Emerging Markets,,EM minimum volatility,ACWX,EEM,,,0.0,,True,True,300,260,20,63,20,20,50,200,252,5,0.3,0.25,0.2,0.15,0.1,close>sma50>sma200,v1.1,Compare with EEM/IEMG,https://www.ishares.com/us/products/etf-investments
147,True,EFAV,EFAV,ETF,USD,DIAGNOSTIC,CONFIRMATION,False,REFERENCE,EX_US,EXUS_FACTOR,factor,EAFE minimum volatility,iShares MSCI EAFE Min Vol Factor ETF,MSCI EAFE Minimum Volatility,Developed,EAFE,,EAFE minimum volatility,ACWX,EFA,,,0.0,,True,True,300,260,20,63,20,20,50,200,252,5,0.3,0.25,0.2,0.15,0.1,close>sma50>sma200,v1.1,Useful regime confirmation,https://www.ishares.com/us/products/etf-investments
148,True,EFG,EFG,ETF,USD,DIAGNOSTIC,CONFIRMATION,False,REFERENCE,EX_US,EXUS_FACTOR,factor,EAFE growth,iShares MSCI EAFE Growth ETF,MSCI EAFE Growth,Developed,EAFE,,EAFE growth,ACWX,EFA,,,0.0,,True,True,300,260,20,63,20,20,50,200,252,5,0.3,0.25,0.2,0.15,0.1,close>sma50>sma200,v1.1,Compare directly with EFV,https://www.ishares.com/us/products/etf-investments
149,True,EFV,EFV,ETF,USD,DIAGNOSTIC,CONFIRMATION,False,REFERENCE,EX_US,EXUS_FACTOR,factor,EAFE value,iShares MSCI EAFE Value ETF,MSCI EAFE Value,Developed,EAFE,,EAFE value,ACWX,EFA,,,0.0,,True,True,300,260,20,63,20,20,50,200,252,5,0.3,0.25,0.2,0.15,0.1,close>sma50>sma200,v1.1,Compare directly with EFG,https://www.ishares.com/us/products/etf-investments
150,True,IMTM,IMTM,ETF,USD,DIAGNOSTIC,CONFIRMATION,False,REFERENCE,EX_US,EXUS_FACTOR,factor,International momentum,iShares MSCI Intl Momentum Factor ETF,MSCI World ex USA Momentum,Developed,Developed ex-US,,International momentum,ACWX,VEA,,,0.0,,True,True,300,260,20,63,20,20,50,200,252,5,0.3,0.25,0.2,0.15,0.1,close>sma50>sma200,v1.1,Good confirmation of trend persistence,https://www.ishares.com/us/products/etf-investments
151,True,IQLT,IQLT,ETF,USD,DIAGNOSTIC,CONFIRMATION,False,REFERENCE,EX_US,EXUS_FACTOR,factor,International quality,iShares MSCI Intl Quality Factor ETF,MSCI World ex USA Sector Neutral Quality,Developed,Developed ex-US,,International quality,ACWX,VEA,,,0.0,,True,True,300,260,20,63,20,20,50,200,252,5,0.3,0.25,0.2,0.15,0.1,close>sma50>sma200,v1.1,Compare with broad developed benchmark,https://www.ishares.com/us/products/etf-investments
152,True,SCHY,SCHY,ETF,USD,DIAGNOSTIC,CONFIRMATION,False,REFERENCE,EX_US,EXUS_FACTOR,factor,International dividend quality,Schwab International Dividend Equity ETF,Dow Jones International Dividend 100,Developed + Emerging,Global ex-US,,International dividend quality,ACWX,ACWX,,,0.0,,True,True,300,260,20,63,20,20,50,200,252,5,0.3,0.25,0.2,0.15,0.1,close>sma50>sma200,v1.1,Different methodology from VYMI,https://www.schwabassetmanagement.com/products/etfs
153,True,VYMI,VYMI,ETF,USD,DIAGNOSTIC,CONFIRMATION,False,REFERENCE,EX_US,EXUS_FACTOR,factor,International high dividend,Vanguard International High Dividend Yield ETF,FTSE All-World ex US High Dividend Yield,Developed + Emerging,Global ex-US,,International high dividend,ACWX,ACWX,,,0.0,,True,True,300,260,20,63,20,20,50,200,252,5,0.3,0.25,0.2,0.15,0.1,close>sma50>sma200,v1.1,Can tilt toward financials/value,https://investor.vanguard.com/investment-products/etfs
154,True,DBEF,DBEF,ETF,USD,DIAGNOSTIC,CONFIRMATION,False,REFERENCE,EX_US,EXUS_FX_DIAGNOSTIC,fx_hedge,Currency-hedged EAFE,Xtrackers MSCI EAFE Hedged Equity ETF,MSCI EAFE US Dollar Hedged,Developed,EAFE,,Currency-hedged EAFE,ACWX,EFA,,,0.0,,True,True,300,260,20,63,20,20,50,200,252,5,0.3,0.25,0.2,0.15,0.1,close>sma50>sma200,v1.1,Redundant with HEFA; one is enough,https://etf.dws.com/en-us/
155,True,DXJ,DXJ,ETF,USD,DIAGNOSTIC,CONFIRMATION,False,REFERENCE,EX_US,EXUS_FX_DIAGNOSTIC,fx_hedge,Currency-hedged Japan,WisdomTree Japan Hedged Equity Fund,WisdomTree Japan Hedged Equity Index,Developed,Japan,,Currency-hedged Japan,ACWX,EWJ,,,0.0,,True,True,300,260,20,63,20,20,50,200,252,5,0.3,0.25,0.2,0.15,0.1,close>sma50>sma200,v1.1,Compare DXJ vs EWJ,https://www.wisdomtree.com/investments/etfs
156,True,HEDJ,HEDJ,ETF,USD,DIAGNOSTIC,CONFIRMATION,False,REFERENCE,EX_US,EXUS_FX_DIAGNOSTIC,fx_hedge,Currency-hedged Europe,WisdomTree Europe Hedged Equity Fund,WisdomTree Europe Hedged Equity Index,Developed,Europe,,Currency-hedged Europe,ACWX,VGK,,,0.0,,True,True,300,260,20,63,20,20,50,200,252,5,0.3,0.25,0.2,0.15,0.1,close>sma50>sma200,v1.1,Compare HEDJ vs VGK/FEZ,https://www.wisdomtree.com/investments/etfs
157,True,HEEM,HEEM,ETF,USD,DIAGNOSTIC,CONFIRMATION,False,REFERENCE,EX_US,EXUS_FX_DIAGNOSTIC,fx_hedge,Currency-hedged EM,iShares Currency Hedged MSCI Emerging Markets ETF,MSCI Emerging Markets 100% Hedged to USD,Emerging,Emerging Markets,,Currency-hedged EM,ACWX,EEM,,,0.0,,True,True,300,260,20,63,20,20,50,200,252,5,0.3,0.25,0.2,0.15,0.1,close>sma50>sma200,v1.1,Compare HEEM vs EEM,https://www.ishares.com/us/products/etf-investments
158,True,HEFA,HEFA,ETF,USD,DIAGNOSTIC,CONFIRMATION,False,REFERENCE,EX_US,EXUS_FX_DIAGNOSTIC,fx_hedge,Currency-hedged EAFE,iShares Currency Hedged MSCI EAFE ETF,MSCI EAFE 100% Hedged to USD,Developed,EAFE,,Currency-hedged EAFE,ACWX,EFA,,,0.0,,True,True,300,260,20,63,20,20,50,200,252,5,0.3,0.25,0.2,0.15,0.1,close>sma50>sma200,v1.1,Compare HEFA vs EFA,https://www.ishares.com/us/products/etf-investments
159,True,CORO,CORO,ETF,USD,DIAGNOSTIC,CONFIRMATION,False,REFERENCE,EX_US,EXUS_THEME_ACTIVE,active,Active non-U.S. country rotation,iShares International Country Rotation Active ETF,MSCI ACWI ex-US reference benchmark,Developed + Emerging,Global ex-US,,Active non-U.S. country rotation,ACWX,ACWX,,,0.0,,True,True,300,260,20,63,20,20,50,200,252,5,0.3,0.25,0.2,0.15,0.1,close>sma50>sma200,v1.1,Active fund; not a pure index benchmark; launched 2024,https://www.ishares.com/us/products/etf-investments
160,True,CQQQ,CQQQ,ETF,USD,DIAGNOSTIC,CONFIRMATION,False,REFERENCE,EX_US,EXUS_THEME_ACTIVE,theme,China technology,Invesco China Technology ETF,FTSE China Incl A 25% Technology Capped,Emerging,China,,China technology,ACWX,MCHI,,,0.0,,True,True,300,260,20,63,20,20,50,200,252,5,0.3,0.25,0.2,0.15,0.1,close>sma50>sma200,v1.1,Sector/theme; more concentrated than MCHI,https://www.invesco.com/us/en/financial-products/etfs.html
161,True,KBA,KBA,ETF,USD,DIAGNOSTIC,CONFIRMATION,False,REFERENCE,EX_US,EXUS_THEME_ACTIVE,theme,China A-shares,KraneShares Bosera MSCI China A 50 Connect Index ETF,MSCI China A 50 Connect,Emerging,China,,China A-shares,ACWX,MCHI,,,0.0,,True,True,300,260,20,63,20,20,50,200,252,5,0.3,0.25,0.2,0.15,0.1,close>sma50>sma200,v1.1,Useful to distinguish mainland vs offshore China,https://kraneshares.com/
162,True,KWEB,KWEB,ETF,USD,DIAGNOSTIC,CONFIRMATION,False,REFERENCE,EX_US,EXUS_THEME_ACTIVE,theme,China internet,KraneShares CSI China Internet ETF,CSI Overseas China Internet,Emerging,China,,China internet,ACWX,MCHI,,,0.0,,True,True,300,260,20,63,20,20,50,200,252,5,0.3,0.25,0.2,0.15,0.1,close>sma50>sma200,v1.1,Sector/theme; do not substitute for MCHI,https://kraneshares.com/
162,163,True,GLD,GLD,ETF,USD,DIAGNOSTIC,CONFIRMATION,False,REFERENCE,CROSS_ASSET,CROSS_ASSET_WATCH,commodity,Gold,SPDR Gold Shares,LBMA Gold Price PM,Commodity,Global bullion,,Physical gold bullion,SPY,,,,,,True,True,300,260,20,63,20,20,50,200,252,5,0.3,0.25,0.2,0.15,0.1,close>sma50>sma200,v1,Cross-asset watch only; physical gold proxy; compare 20D/63D relative strength vs SPY; exclude from peer ranking and weekly recommendations.,https://www.spdrgoldshares.com/usa/gld/
163,164,True,SLV,SLV,ETF,USD,DIAGNOSTIC,CONFIRMATION,False,REFERENCE,CROSS_ASSET,CROSS_ASSET_WATCH,commodity,Silver,iShares Silver Trust,LBMA Silver Price,Commodity,Global bullion,,Physical silver bullion,SPY,,,,,,True,True,300,260,20,63,20,20,50,200,252,5,0.3,0.25,0.2,0.15,0.1,close>sma50>sma200,v1,Cross-asset watch only; physical silver proxy; compare 20D/63D relative strength vs SPY; exclude from peer ranking and weekly recommendations.,https://www.ishares.com/us/products/239855/SLV
164,165,True,URA,URA,ETF,USD,DIAGNOSTIC,CONFIRMATION,False,REFERENCE,CROSS_ASSET,CROSS_ASSET_WATCH,theme,Uranium,Global X Uranium ETF,Solactive Global Uranium & Nuclear Components Total Return Index,Global equity theme,Global uranium and nuclear companies,,Uranium mining & nuclear components,SPY,,,,,,True,True,300,260,20,63,20,20,50,200,252,5,0.3,0.25,0.2,0.15,0.1,close>sma50>sma200,v1,"Cross-asset watch only; producer/nuclear-industry equity proxy, not spot uranium; compare 20D/63D relative strength vs SPY; exclude from peer ranking and weekly recommendations.",https://www.globalxetfs.com/funds/ura
165,166,True,CPER,CPER,ETF,USD,DIAGNOSTIC,CONFIRMATION,False,REFERENCE,CROSS_ASSET,CROSS_ASSET_WATCH,commodity,Copper,United States Copper Index Fund,SummerHaven Copper Index Total Return,Commodity,Global copper futures,,Copper futures,SPY,,,,,,True,True,300,260,20,63,20,20,50,200,252,5,0.3,0.25,0.2,0.15,0.1,close>sma50>sma200,v1,Cross-asset watch only; copper-futures exposure; compare 20D/63D relative strength vs SPY; exclude from peer ranking and weekly recommendations.,https://www.uscfinvestments.com/cper
166,167,True,REMX,REMX,ETF,USD,DIAGNOSTIC,CONFIRMATION,False,REFERENCE,CROSS_ASSET,CROSS_ASSET_WATCH,theme,Rare Earths,VanEck Rare Earth and Strategic Metals ETF,MVIS Global Rare Earth/Strategic Metals Index,Global equity theme,Global rare earth and strategic metals companies,Materials,Rare earth & strategic metals,SPY,,,,,,True,True,300,260,20,63,20,20,50,200,252,5,0.3,0.25,0.2,0.15,0.1,close>sma50>sma200,v1,"Cross-asset watch only; producer/refiner/recycler equity proxy, not physical rare earths; compare 20D/63D relative strength vs SPY; exclude from peer ranking and weekly recommendations.",https://www.vaneck.com/us/en/investments/rare-earth-strategic-metals-etf-remx/overview/
