date,ticker,priority,signal_role,rank_eligible,score_mode,universe,rotation_group,level,exposure,sector,industry_theme,primary_benchmark,parent_benchmark,paired_ticker,pair_type,data_status,bars_available,close,volume,dollar_volume,relative_dollar_volume,return_20,return_63,rs20,rs63,parent_rs20,parent_rs63,pair_spread_20,pair_spread_63,signal_rs20,signal_rs63,pair_signal_raw,pair_signal_confirmed,pair_signal,cmf20,obv_change_20,sma50,sma200,position_52w,trend_score,rotation_score,group_rank,group_size,group_percentile,score_change_5,score_change_10,score_change_20,score_change_63,rank_change_5,rank_change_20,rs20_change_5,rs63_change_20,days_leader_zone_20,leader_zone_streak,days_top_quartile_20,top_quartile_streak,consecutive_improving_days,rotation_state_raw,rotation_state_confirmed,rotation_state,confirmed_state_age,pending_rotation_state,pending_state_days,state_confirmation_bars,confirmed_pair_signal_age,pending_pair_signal,pending_pair_signal_days,pair_confirmation_bars,score_formula_version
2026-10-05,CPER,EXTENDED,CONFIRMATION,False,REFERENCE,CROSS_ASSET,CROSS_ASSET_WATCH,commodity,Copper,,Copper futures,SPY,,,,READY,538,39.860001,389400.000000,15521484.237671,0.648636,-0.002253,0.066060,-0.010775,0.027216,,,,,-0.010775,0.027216,,,,-0.119784,800400.000000,39.809200,37.482000,0.962105,1.000000,,,,,,,,,,,-0.013418,0.025054,0,0,0,0,0,REFERENCE,REFERENCE,REFERENCE,1,,0,3,0,,0,3,v1.1
2026-10-05,GLD,EXTENDED,CONFIRMATION,False,REFERENCE,CROSS_ASSET,CROSS_ASSET_WATCH,commodity,Gold,,Physical gold bullion,SPY,,,,READY,538,379.549988,4244900.000000,1611151743.182373,0.483630,-0.066917,0.005457,-0.075440,-0.033387,,,,,-0.075440,-0.033387,,,,-0.199319,-26931600.000000,396.445601,416.073600,0.765376,0.000000,,,,,,,,,,,-0.002064,-0.013017,0,0,0,0,0,REFERENCE,REFERENCE,REFERENCE,1,,0,3,0,,0,3,v1.1
2026-10-05,REMX,EXTENDED,CONFIRMATION,False,REFERENCE,CROSS_ASSET,CROSS_ASSET_WATCH,theme,Rare Earths,Materials,Rare earth & strategic metals,SPY,,,,READY,538,63.540001,675700.000000,42933978.618622,1.055640,-0.160190,-0.216136,-0.168713,-0.254980,,,,,-0.168713,-0.254980,,,,-0.131748,-4078100.000000,72.196800,85.844262,0.580115,0.000000,,,,,,,,,,,-0.003834,-0.062082,0,0,0,0,0,REFERENCE,REFERENCE,REFERENCE,1,,0,3,0,,0,3,v1.1
2026-10-05,SLV,EXTENDED,CONFIRMATION,False,REFERENCE,CROSS_ASSET,CROSS_ASSET_WATCH,commodity,Silver,,Physical silver bullion,SPY,,,,READY,538,55.130001,10735600.000000,591853639.466858,0.665514,-0.078402,0.012303,-0.086924,-0.026541,,,,,-0.086924,-0.026541,,,,-0.228653,-24671700.000000,57.791400,65.901000,0.522064,0.000000,,,,,,,,,,,-0.004843,0.048826,0,0,0,0,0,REFERENCE,REFERENCE,REFERENCE,1,,0,3,0,,0,3,v1.1
2026-10-05,URA,EXTENDED,CONFIRMATION,False,REFERENCE,CROSS_ASSET,CROSS_ASSET_WATCH,theme,Uranium,,Uranium mining & nuclear components,SPY,,,,READY,538,40.189999,2722700.000000,109425309.260941,0.890112,-0.127443,-0.037365,-0.135965,-0.076209,,,,,-0.135965,-0.076209,,,,-0.265108,-17402900.000000,43.251400,48.054496,0.650218,0.000000,,,,,,,,,,,-0.018979,-0.045817,0,0,0,0,0,REFERENCE,REFERENCE,REFERENCE,1,,0,3,0,,0,3,v1.1
2026-10-05,EMXC,CORE,SIGNAL,True,CROSS_SECTIONAL,EX_US,EXUS_BROAD,diagnostic,Emerging markets ex-China,,,ACWX,ACWX,,,READY,539,102.750000,2797800.000000,287473950.000000,1.534254,0.016119,0.061467,0.042107,0.043900,0.042107,0.043900,,,0.042107,0.043900,,,,0.065544,7635600.000000,97.481600,89.530205,0.964879,1.000000,100.000000,1.000000,7.000000,100.000000,27.142857,35.000000,7.142857,16.428571,0.000000,0.000000,0.008743,0.034550,15,6,15,6,4,PERSISTENT_LEADER,EMERGING,EMERGING,22,PERSISTENT_LEADER,2,3,0,,0,3,v1.1
2026-10-05,EEM,CORE,SIGNAL,True,CROSS_SECTIONAL,EX_US,EXUS_BROAD,broad,"Emerging markets, large/mid",,,ACWX,ACWX,,,READY,539,68.730003,16432700.000000,1129419526.163483,0.864511,0.000437,0.045800,0.026424,0.028233,0.026424,0.028233,,,0.026424,0.028233,,,,0.048798,24877200.000000,66.514200,62.881402,0.965173,1.000000,75.714286,2.000000,7.000000,85.714286,8.571429,2.142857,-9.285714,5.000000,1.000000,0.000000,0.008265,0.032998,12,3,12,3,0,NEUTRAL,NEUTRAL,NEUTRAL,9,,0,3,0,,0,3,v1.1
2026-10-05,VWO,CORE,SIGNAL,True,CROSS_SECTIONAL,EX_US,EXUS_BROAD,broad,"Emerging markets, broad",,,ACWX,ACWX,,,READY,539,60.610001,6905800.000000,418560542.214966,0.983283,-0.011628,0.031344,0.014359,0.013777,0.014359,0.013777,,,0.014359,0.013777,,,,0.011985,-61243400.000000,59.897866,57.831224,0.988372,1.000000,74.285714,3.000000,7.000000,71.428571,5.714286,5.714286,20.000000,20.000000,-1.000000,1.000000,0.013316,0.027682,8,0,8,0,1,EMERGING,NEUTRAL,NEUTRAL,12,EMERGING,1,3,0,,0,3,v1.1
2026-10-05,VSS,CORE,SIGNAL,True,CROSS_SECTIONAL,EX_US,EXUS_BROAD,size,International small cap,,,ACWX,ACWX,,,READY,539,155.960007,134600.000000,20992216.903687,0.520018,-0.031534,0.017798,-0.005546,0.000231,-0.005546,0.000231,,,-0.005546,0.000231,,,,-0.048945,-2165200.000000,157.116526,153.398257,0.965746,0.500000,47.857143,4.000000,7.000000,57.142857,5.000000,-8.571429,-2.857143,10.714286,3.000000,1.000000,0.003500,0.023422,4,0,4,0,1,NEUTRAL,WEAKENING,WEAKENING,18,NEUTRAL,1,3,0,,0,3,v1.1
2026-10-05,SCZ,CORE,SIGNAL,True,CROSS_SECTIONAL,EX_US,EXUS_BROAD,size,EAFE small cap,,,ACWX,EFA,,,READY,539,84.339996,1267300.000000,106884077.359009,1.000920,-0.036885,0.011392,-0.010898,-0.006175,0.002986,0.012640,,,-0.010898,-0.006175,,,,-0.233189,-5541100.000000,85.665000,82.410195,0.963115,0.500000,43.571429,5.000000,7.000000,42.857143,0.000000,-12.142857,6.428571,12.857143,1.000000,2.000000,-0.002752,0.004634,2,0,2,0,0,NEUTRAL,WEAKENING,WEAKENING,27,NEUTRAL,1,3,0,,0,3,v1.1
2026-10-05,VEA,CORE,SIGNAL,True,CROSS_SECTIONAL,EX_US,EXUS_BROAD,broad,Developed markets ex-US,,,ACWX,ACWX,,,READY,539,71.129997,9527400.000000,677683935.832214,0.956974,-0.033271,0.007430,-0.007284,-0.010137,-0.007284,-0.010137,,,-0.007284,-0.010137,,,,-0.066497,-70785200.000000,72.005670,68.440121,0.966336,0.500000,42.857143,6.000000,7.000000,28.571429,-2.857143,-13.571429,-18.571429,-27.142857,-1.000000,-3.000000,-0.003011,-0.008182,0,0,0,0,0,WEAKENING,WEAKENING,WEAKENING,17,,0,3,0,,0,3,v1.1
2026-10-05,EFA,CORE,SIGNAL,True,CROSS_SECTIONAL,EX_US,EXUS_BROAD,broad,"EAFE developed, large/mid",,,ACWX,ACWX,,,READY,539,104.029999,13819700.000000,1437663374.130249,0.933989,-0.039871,-0.001248,-0.013884,-0.018815,-0.013884,-0.018815,,,-0.013884,-0.018815,,,,-0.070935,-132790900.000000,106.494200,101.680953,0.956070,0.500000,25.714286,7.000000,7.000000,14.285714,-38.571429,-23.571429,-22.857143,-37.857143,-3.000000,-1.000000,-0.006270,-0.021210,0,0,0,0,0,WEAKENING,WEAKENING,WEAKENING,1,,0,3,0,,0,3,v1.1
2026-10-05,ACWX,CORE,BENCHMARK,False,REFERENCE,EX_US,EXUS_BROAD,broad,"All-world ex-US, large/mid",,,,,ITOT,EXUS_VS_US_BROAD,READY,539,76.459999,1672000.000000,127841118.469238,0.241033,-0.025987,0.017567,,,,,-0.031334,-0.015467,,,,,,0.092499,65042900.000000,76.786400,73.001592,0.974013,0.500000,,,,,,,,,,,,,0,0,0,0,0,REFERENCE,REFERENCE,REFERENCE,1,,0,3,0,,0,3,v1.1
2026-10-05,IEFA,EXTENDED,CONFIRMATION,False,REFERENCE,EX_US,EXUS_BROAD,broad,"EAFE developed, broad",,,ACWX,ACWX,,,READY,539,97.120003,8749900.000000,849790312.032318,0.811755,-0.039177,0.001134,-0.013190,-0.016433,-0.013190,-0.016433,,,-0.013190,-0.016433,,,,-0.099305,-84376900.000000,99.272400,94.820250,0.957696,0.500000,,,,,,,,,,,-0.004980,-0.017589,0,0,0,0,0,REFERENCE,REFERENCE,REFERENCE,1,,0,3,0,,0,3,v1.1
2026-10-05,IEMG,EXTENDED,CONFIRMATION,False,REFERENCE,EX_US,EXUS_BROAD,broad,"Emerging markets, broad IMI",,,ACWX,ACWX,,,READY,539,83.580002,6520600.000000,544991759.939575,0.503804,-0.000837,0.047500,0.025150,0.029932,0.025150,0.029932,,,0.025150,0.029932,,,,0.087914,45772600.000000,80.953000,76.671369,0.971860,1.000000,,,,,,,,,,,0.010329,0.031469,0,0,0,0,0,REFERENCE,REFERENCE,REFERENCE,1,,0,3,0,,0,3,v1.1
2026-10-05,IXUS,EXTENDED,CONFIRMATION,False,REFERENCE,EX_US,EXUS_BROAD,broad,"Total international, all-cap",,,ACWX,ACWX,,,READY,539,96.099998,986600.000000,94812258.494568,0.447848,-0.026441,0.016393,-0.000454,-0.001174,-0.000454,-0.001174,,,-0.000454,-0.001174,,,,0.071528,-19364600.000000,96.560599,91.966347,0.973559,0.500000,,,,,,,,,,,0.000293,0.001170,0,0,0,0,0,REFERENCE,REFERENCE,REFERENCE,1,,0,3,0,,0,3,v1.1
2026-10-05,VEU,EXTENDED,CONFIRMATION,False,REFERENCE,EX_US,EXUS_BROAD,broad,"All-world ex-US, large/mid",,,ACWX,ACWX,,,READY,539,83.879997,2352200.000000,197302529.539490,0.915587,-0.027011,0.013696,-0.001024,-0.003871,-0.001024,-0.003871,,,-0.001024,-0.003871,,,,0.014245,-15686100.000000,84.320812,80.322125,0.972989,0.500000,,,,,,,,,,,-0.001149,-0.000014,0,0,0,0,0,REFERENCE,REFERENCE,REFERENCE,1,,0,3,0,,0,3,v1.1
2026-10-05,VXUS,EXTENDED,CONFIRMATION,False,REFERENCE,EX_US,EXUS_BROAD,broad,"Total international, all-cap",,,ACWX,ACWX,,,READY,539,85.849998,5628700.000000,483223886.411285,0.960413,-0.027202,0.016008,-0.001214,-0.001559,-0.001214,-0.001559,,,-0.001214,-0.001559,,,,-0.017030,-27084800.000000,86.323069,82.323502,0.972798,0.500000,,,,,,,,,,,-0.000026,0.002779,0,0,0,0,0,REFERENCE,REFERENCE,REFERENCE,1,,0,3,0,,0,3,v1.1
2026-10-05,EWZ,CORE,SIGNAL,True,CROSS_SECTIONAL,EX_US,EXUS_COUNTRY,country,Brazil,,,ACWX,ILF,,,READY,539,42.980000,190578100.000000,8191046650.760269,5.937032,0.135235,0.240762,0.161222,0.223195,0.085609,0.117986,,,0.161222,0.223195,,,,-0.026252,232370400.000000,36.486000,36.217225,1.000000,1.000000,93.414634,1.000000,41.000000,100.000000,19.756098,3.170732,10.182927,49.756098,5.000000,3.000000,0.125391,0.173321,20,23,20,23,0,PERSISTENT_LEADER,PERSISTENT_LEADER,PERSISTENT_LEADER,17,,0,3,0,,0,3,v1.1
2026-10-05,EPU,EXTENDED,SIGNAL,True,CROSS_SECTIONAL,EX_US,EXUS_COUNTRY,country,Peru,,,ACWX,ILF,,,READY,539,90.690002,35900.000000,3255771.087646,1.202377,-0.016057,0.086759,0.009930,0.069191,-0.065683,-0.036017,,,0.009930,0.069191,,,,0.182371,64300.000000,90.192800,84.129072,0.954933,1.000000,88.048780,2.000000,41.000000,97.560976,25.975610,29.634146,12.560976,26.097561,11.000000,4.000000,0.023650,-0.049495,13,3,13,3,6,ACCELERATING,PERSISTENT_LEADER,PERSISTENT_LEADER,26,ACCELERATING,1,3,0,,0,3,v1.1
2026-10-05,EWT,CORE,SIGNAL,True,CROSS_SECTIONAL,EX_US,EXUS_COUNTRY,country,Taiwan,,,ACWX,AAXJ,,,READY,539,118.000000,3030700.000000,357622600.000000,0.762160,0.051881,0.158225,0.077868,0.140658,0.052383,0.112449,,,0.077868,0.140658,,,,0.132343,-13025800.000000,107.181200,89.025600,1.000000,1.000000,85.243902,3.000000,41.000000,95.121951,-1.829268,1.341463,0.243902,8.902439,-2.000000,0.000000,0.002493,0.070824,19,14,19,14,0,PERSISTENT_LEADER,PERSISTENT_LEADER,PERSISTENT_LEADER,8,,0,3,0,,0,3,v1.1
2026-10-05,UAE,EXTENDED,SIGNAL,True,CROSS_SECTIONAL,EX_US,EXUS_COUNTRY,country,United Arab Emirates,,,ACWX,EEM,,,READY,539,19.750000,301400.000000,5952650.000000,0.996489,0.014381,0.030256,0.040368,0.012688,0.013944,-0.015545,,,0.040368,0.012688,,,,0.126356,-1360700.000000,19.659200,19.164735,0.919511,1.000000,82.560976,4.000000,41.000000,92.682927,-3.048780,16.341463,45.731707,0.182927,-2.000000,29.000000,-0.008036,-0.002626,14,9,14,9,1,PERSISTENT_LEADER,PERSISTENT_LEADER,PERSISTENT_LEADER,3,,0,3,0,,0,3,v1.1
2026-10-05,EWJ,CORE,SIGNAL,True,CROSS_SECTIONAL,EX_US,EXUS_COUNTRY,country,Japan,,,ACWX,VPL,,,READY,539,99.300003,3071900.000000,305039679.374695,0.781006,0.010379,0.066939,0.036366,0.049372,0.010547,0.012526,,,0.036366,0.049372,,,,0.051786,-1921600.000000,96.138200,90.192627,1.000000,1.000000,79.756098,5.000000,41.000000,90.243902,-4.146341,15.487805,20.000000,8.902439,-2.000000,13.000000,0.009086,0.034078,13,10,13,10,0,PERSISTENT_LEADER,PERSISTENT_LEADER,PERSISTENT_LEADER,4,,0,3,0,,0,3,v1.1
2026-10-05,EIS,EXTENDED,SIGNAL,True,CROSS_SECTIONAL,EX_US,EXUS_COUNTRY,country,Israel,,,ACWX,EEM,,,READY,539,121.809998,52500.000000,6395024.871826,1.592532,-0.035627,0.018819,-0.009639,0.001252,-0.036063,-0.026981,,,-0.009639,0.001252,,,,0.268534,-77400.000000,122.670400,122.200727,0.889955,0.000000,75.121951,6.000000,41.000000,87.804878,15.243902,-17.560976,16.097561,37.195122,9.000000,14.000000,-0.011489,0.051205,13,4,13,4,1,NEUTRAL,NEUTRAL,NEUTRAL,5,,0,3,0,,0,3,v1.1
2026-10-05,EPOL,EXTENDED,SIGNAL,True,CROSS_SECTIONAL,EX_US,EXUS_COUNTRY,country,Poland,,,ACWX,VGK,,,READY,539,43.509998,294600.000000,12818045.505524,0.765438,-0.035683,0.102915,-0.009695,0.085348,0.021491,0.131499,,,-0.009695,0.085348,,,,0.061000,-1638700.000000,44.143800,39.392514,0.950830,0.500000,72.804878,7.000000,41.000000,85.365854,-6.463415,-2.926829,10.731707,19.878049,-2.000000,7.000000,-0.054100,-0.009241,20,20,20,20,1,NEUTRAL,PERSISTENT_LEADER,PERSISTENT_LEADER,7,NEUTRAL,2,3,0,,0,3,v1.1
2026-10-05,EWY,CORE,SIGNAL,True,CROSS_SECTIONAL,EX_US,EXUS_COUNTRY,country,South Korea,,,ACWX,AAXJ,,,READY,539,191.460007,8237700.000000,1577190097.306824,0.665154,0.013713,0.056098,0.039700,0.038531,0.014215,0.010321,,,0.039700,0.038531,,,,-0.068431,7060400.000000,177.220400,156.752750,0.873449,1.000000,71.463415,8.000000,41.000000,82.926829,7.560976,6.219512,-10.243902,-3.536585,4.000000,-3.000000,0.003678,0.034370,8,4,8,4,0,REACCELERATING,EMERGING,EMERGING,2,REACCELERATING,1,3,0,,0,3,v1.1
2026-10-05,EWS,CORE,SIGNAL,True,CROSS_SECTIONAL,EX_US,EXUS_COUNTRY,country,Singapore,,,ACWX,VPL,,,READY,539,33.259998,982000.000000,32661318.351746,0.691170,-0.037894,0.084801,-0.011907,0.067234,-0.037725,0.030388,,,-0.011907,0.067234,,,,0.019044,-6854200.000000,33.368600,29.696916,0.962106,0.500000,67.195122,9.000000,41.000000,80.487805,-3.902439,-9.512195,-23.902439,-20.365854,-2.000000,-8.000000,-0.018268,-0.086359,20,65,20,65,0,WEAKENING,WEAKENING,WEAKENING,3,,0,3,0,,0,3,v1.1
2026-10-05,ENOR,EXTENDED,SIGNAL,True,CROSS_SECTIONAL,EX_US,EXUS_COUNTRY,country,Norway,,,ACWX,VGK,,,READY,539,35.230000,51100.000000,1800252.976608,0.289198,-0.046549,0.077700,-0.020562,0.060132,0.010625,0.106284,,,-0.020562,0.060132,,,,0.429138,1765500.000000,35.960400,33.540485,0.932751,0.500000,64.390244,10.000000,41.000000,78.048780,-5.975610,-7.439024,-6.951220,46.341463,-2.000000,-3.000000,-0.023295,0.064078,17,2,17,2,0,WEAKENING,WEAKENING,WEAKENING,3,,0,3,0,,0,3,v1.1
2026-10-05,EWM,EXTENDED,SIGNAL,True,CROSS_SECTIONAL,EX_US,EXUS_COUNTRY,country,Malaysia,,,ACWX,ASEA,,,READY,539,27.120001,137000.000000,3715440.114975,0.839489,-0.036590,-0.001473,-0.010602,-0.019040,0.001697,-0.044478,,,-0.010602,-0.019040,,,,0.106114,269300.000000,27.991400,28.065124,0.910010,0.000000,60.609756,11.000000,41.000000,75.609756,6.951220,9.268293,18.780488,35.975610,7.000000,19.000000,-0.003538,0.025367,2,1,2,1,1,NEUTRAL,NEUTRAL,NEUTRAL,9,,0,3,0,,0,3,v1.1
2026-10-05,EIRL,EXTENDED,SIGNAL,True,CROSS_SECTIONAL,EX_US,EXUS_COUNTRY,country,Ireland,,,ACWX,VGK,,,READY,539,80.599998,4800.000000,386879.992676,1.169744,-0.050760,0.014219,-0.024772,-0.003348,0.006414,0.042803,,,-0.024772,-0.003348,,,,-0.093817,-12400.000000,82.397400,75.576909,0.949240,0.500000,60.365854,12.000000,41.000000,73.170732,-0.487805,-7.439024,-9.268293,-11.341463,2.000000,-3.000000,-0.043607,-0.058855,7,0,7,0,1,WEAKENING,WEAKENING,WEAKENING,19,,0,3,0,,0,3,v1.1
2026-10-05,THD,EXTENDED,SIGNAL,True,CROSS_SECTIONAL,EX_US,EXUS_COUNTRY,country,Thailand,,,ACWX,ASEA,,,READY,539,71.480003,23900.000000,1708372.080231,0.266834,-0.026025,-0.005841,-0.000038,-0.023409,0.012261,-0.048847,,,-0.000038,-0.023409,,,,0.227412,-673300.000000,72.957800,68.763951,0.952305,0.500000,59.024390,13.000000,41.000000,70.731707,-6.341463,-2.317073,20.000000,16.097561,-3.000000,19.000000,-0.020485,0.014828,9,0,9,0,0,NEUTRAL,EMERGING,EMERGING,8,NEUTRAL,2,3,0,,0,3,v1.1
2026-10-05,GREK,EXTENDED,SIGNAL,True,CROSS_SECTIONAL,EX_US,EXUS_COUNTRY,country,Greece,,,ACWX,FEZ,,,READY,539,82.540001,26800.000000,2212072.024536,0.572067,-0.050937,0.064620,-0.024950,0.047053,0.002866,0.090431,,,-0.024950,0.047053,,,,0.042072,-17300.000000,83.791200,73.870230,0.943206,0.500000,57.439024,14.000000,41.000000,68.292683,-22.804878,-34.756098,-30.487805,-31.829268,-10.000000,-12.000000,-0.049839,-0.100659,19,0,19,0,0,WEAKENING,PERSISTENT_LEADER,PERSISTENT_LEADER,5,WEAKENING,2,3,0,,0,3,v1.1
2026-10-05,EWP,EXTENDED,SIGNAL,True,CROSS_SECTIONAL,EX_US,EXUS_COUNTRY,country,Spain,,,ACWX,FEZ,,,READY,539,58.570000,1871000.000000,109584469.429016,3.907233,-0.066614,-0.020896,-0.040626,-0.038463,-0.012811,0.004915,,,-0.040626,-0.038463,,,,0.132485,1771400.000000,61.553200,57.086162,0.926301,0.500000,55.731707,15.000000,41.000000,65.853659,3.048780,8.292683,8.170732,-13.048780,5.000000,11.000000,-0.030466,-0.087157,1,0,1,0,1,NEUTRAL,WEAKENING,WEAKENING,24,NEUTRAL,1,3,0,,0,3,v1.1
2026-10-05,EWN,EXTENDED,SIGNAL,True,CROSS_SECTIONAL,EX_US,EXUS_COUNTRY,country,Netherlands,,,ACWX,FEZ,,,READY,539,67.709999,47000.000000,3182369.956970,0.597962,-0.020258,0.007739,0.005730,-0.009828,0.033545,0.033550,,,0.005730,-0.009828,,,,-0.157767,8700.000000,68.233000,64.008377,0.945538,0.500000,55.000000,16.000000,41.000000,63.414634,4.390244,14.024390,-11.097561,1.097561,8.000000,-6.000000,-0.005552,0.000263,1,0,1,0,0,NEUTRAL,NEUTRAL,NEUTRAL,25,,0,3,0,,0,3,v1.1
2026-10-05,EWU,CORE,SIGNAL,True,CROSS_SECTIONAL,EX_US,EXUS_COUNTRY,country,United Kingdom,,,ACWX,VGK,,,READY,539,46.189999,1536800.000000,70984789.889526,1.302672,-0.049393,-0.019945,-0.023406,-0.037512,0.007781,0.008639,,,-0.023406,-0.037512,,,,-0.032990,-7200500.000000,47.971400,46.293231,0.935210,0.000000,52.804878,17.000000,41.000000,60.975610,-0.243902,4.756098,12.682927,-5.731707,2.000000,14.000000,-0.014307,-0.026243,1,0,1,0,2,NEUTRAL,NEUTRAL,NEUTRAL,15,,0,3,0,,0,3,v1.1
2026-10-05,MCHI,CORE,SIGNAL,True,CROSS_SECTIONAL,EX_US,EXUS_COUNTRY,country,China broad,,,ACWX,AAXJ,,,READY,539,52.279999,1887300.000000,98668041.696167,1.131705,-0.047897,0.009656,-0.021909,-0.007911,-0.047395,-0.036121,,,-0.021909,-0.007911,,,,-0.331451,-8448600.000000,54.272000,56.533213,0.799365,0.000000,50.731707,18.000000,41.000000,58.536585,-0.853659,11.951220,34.390244,20.365854,3.000000,22.000000,0.009530,0.050697,0,0,0,0,1,NEUTRAL,NEUTRAL,NEUTRAL,9,,0,3,0,,0,3,v1.1
2026-10-05,EWC,CORE,SIGNAL,True,CROSS_SECTIONAL,EX_US,EXUS_COUNTRY,country,Canada,,,ACWX,ACWX,,,READY,539,58.779999,1162500.000000,68331748.580933,0.649849,-0.052547,0.007197,-0.026560,-0.010371,-0.026560,-0.010371,,,-0.026560,-0.010371,,,,0.014403,-8235400.000000,60.688200,57.590098,0.938378,0.500000,50.121951,19.000000,41.000000,56.097561,-7.560976,-15.365854,-10.975610,-1.951220,-3.000000,-2.000000,-0.000734,-0.010574,1,0,1,0,0,WEAKENING,WEAKENING,WEAKENING,5,,0,3,0,,0,3,v1.1
2026-10-05,EWA,CORE,SIGNAL,True,CROSS_SECTIONAL,EX_US,EXUS_COUNTRY,country,Australia,,,ACWX,VPL,,,READY,539,28.430000,2332300.000000,66307289.711761,0.727159,-0.059543,0.010665,-0.033556,-0.006902,-0.059375,-0.043748,,,-0.033556,-0.006902,,,,-0.062167,-20008700.000000,29.430400,28.407007,0.934275,0.500000,49.878049,20.000000,41.000000,53.658537,3.780488,9.146341,-11.463415,19.024390,6.000000,-5.000000,-0.000822,-0.025453,0,0,0,0,2,WEAKENING,WEAKENING,WEAKENING,19,,0,3,0,,0,3,v1.1
2026-10-05,KSA,CORE,SIGNAL,True,CROSS_SECTIONAL,EX_US,EXUS_COUNTRY,country,Saudi Arabia,,,ACWX,EEM,,,READY,539,36.520000,597200.000000,21809744.273376,1.311745,-0.051675,-0.024312,-0.025688,-0.041879,-0.052112,-0.070112,,,-0.025688,-0.041879,,,,-0.034091,-4249000.000000,37.733600,37.765365,0.912585,0.000000,47.682927,21.000000,41.000000,51.219512,22.073171,10.853659,-10.487805,16.829268,14.000000,0.000000,0.015885,-0.012258,0,0,0,0,2,WEAKENING,WEAKENING,WEAKENING,4,,0,3,0,,0,3,v1.1
2026-10-05,EWH,CORE,SIGNAL,True,CROSS_SECTIONAL,EX_US,EXUS_COUNTRY,country,Hong Kong,,,ACWX,VPL,,,READY,539,21.770000,3066600.000000,66759883.403778,1.002195,-0.061638,0.033223,-0.035651,0.015655,-0.061469,-0.021190,,,-0.035651,0.015655,,,,-0.167980,-89800.000000,22.664800,22.524426,0.901097,0.000000,47.682927,22.000000,41.000000,48.780488,-17.317073,-17.195122,-16.646341,20.121951,-11.000000,-10.000000,-0.029813,0.009148,4,0,4,0,0,WEAKENING,NEUTRAL,NEUTRAL,12,WEAKENING,1,3,0,,0,3,v1.1
2026-10-05,EFNL,EXTENDED,SIGNAL,True,CROSS_SECTIONAL,EX_US,EXUS_COUNTRY,country,Finland,,,ACWX,VGK,,,READY,539,52.919998,18500.000000,979019.966125,0.245131,-0.038168,0.017497,-0.012181,-0.000071,0.019006,0.046081,,,-0.012181,-0.000071,,,,-0.338836,306400.000000,53.991800,52.050488,0.913990,0.500000,45.487805,23.000000,41.000000,46.341463,-5.365854,-1.585366,-15.853659,27.195122,0.000000,-8.000000,-0.018376,0.071043,1,0,1,0,0,WEAKENING,WEAKENING,WEAKENING,3,,0,3,0,,0,3,v1.1
2026-10-05,EPHE,EXTENDED,SIGNAL,True,CROSS_SECTIONAL,EX_US,EXUS_COUNTRY,country,Philippines,,,ACWX,ASEA,,,READY,539,23.000000,145700.000000,3351100.000000,1.356879,-0.051546,-0.077787,-0.025559,-0.095354,-0.013260,-0.120792,,,-0.025559,-0.095354,,,,-0.016420,-673600.000000,24.490600,24.838437,0.826586,0.000000,44.878049,24.000000,41.000000,43.902439,17.073171,35.121951,36.341463,-6.402439,9.000000,17.000000,-0.013426,-0.037652,0,0,0,0,1,NEUTRAL,NEUTRAL,NEUTRAL,5,,0,3,0,,0,3,v1.1
2026-10-05,EWD,EXTENDED,SIGNAL,True,CROSS_SECTIONAL,EX_US,EXUS_COUNTRY,country,Sweden,,,ACWX,VGK,,,READY,539,50.060001,139600.000000,6988376.191711,0.620581,-0.057960,-0.006943,-0.031973,-0.024510,-0.000786,0.021641,,,-0.031973,-0.024510,,,,0.051983,-939600.000000,52.248000,50.670933,0.921067,0.000000,42.439024,25.000000,41.000000,41.463415,-6.097561,1.829268,-2.073171,-1.585366,0.000000,2.000000,0.001618,-0.018249,0,0,0,0,0,WEAKENING,WEAKENING,WEAKENING,3,,0,3,0,,0,3,v1.1
2026-10-05,EWO,EXTENDED,SIGNAL,True,CROSS_SECTIONAL,EX_US,EXUS_COUNTRY,country,Austria,,,ACWX,FEZ,,,READY,539,41.790001,40900.000000,1709211.037445,0.792580,-0.068850,-0.014387,-0.042863,-0.031954,-0.015047,0.011424,,,-0.042863,-0.031954,,,,-0.161858,-545600.000000,43.506000,39.310359,0.931150,0.500000,40.121951,26.000000,41.000000,39.024390,-29.512195,-15.487805,-24.634146,-51.951220,-17.000000,-15.000000,-0.066257,-0.100926,5,0,5,0,0,WEAKENING,WEAKENING,WEAKENING,13,,0,3,0,,0,3,v1.1
2026-10-05,QAT,EXTENDED,SIGNAL,True,CROSS_SECTIONAL,EX_US,EXUS_COUNTRY,country,Qatar,,,ACWX,EEM,,,READY,539,16.350000,20800.000000,340080.007935,1.976258,-0.051074,-0.096935,-0.025086,-0.114502,-0.051510,-0.142735,,,-0.025086,-0.114502,,,,-0.225182,-113300.000000,17.207080,18.093697,0.840624,0.000000,40.000000,27.000000,41.000000,36.585366,12.560976,-10.975610,21.463415,23.536585,7.000000,12.000000,0.003939,0.001953,0,0,0,0,1,NEUTRAL,NEUTRAL,NEUTRAL,14,,0,3,0,,0,3,v1.1
2026-10-05,EWW,CORE,SIGNAL,True,CROSS_SECTIONAL,EX_US,EXUS_COUNTRY,country,Mexico,,,ACWX,ILF,,,READY,539,71.870003,1388100.000000,99762750.812531,1.212276,-0.062117,-0.042244,-0.036129,-0.059811,-0.111742,-0.165020,,,-0.036129,-0.059811,,,,-0.033097,-7000800.000000,75.239400,75.136145,0.897792,0.000000,39.756098,28.000000,41.000000,34.146341,2.439024,5.365854,4.756098,-2.560976,0.000000,8.000000,0.000344,-0.021274,0,0,0,0,2,NEUTRAL,NEUTRAL,NEUTRAL,20,,0,3,0,,0,3,v1.1
2026-10-05,EWL,CORE,SIGNAL,True,CROSS_SECTIONAL,EX_US,EXUS_COUNTRY,country,Switzerland,,,ACWX,VGK,,,READY,539,59.259998,1064700.000000,63094120.212936,1.841353,-0.061302,-0.065447,-0.035315,-0.083014,-0.004128,-0.036863,,,-0.035315,-0.083014,,,,-0.096275,1051100.000000,62.233600,60.976736,0.915920,0.000000,39.390244,29.000000,41.000000,31.707317,9.146341,10.365854,2.682927,-35.365854,2.000000,6.000000,-0.006932,-0.062138,0,0,0,0,2,NEUTRAL,NEUTRAL,NEUTRAL,4,,0,3,0,,0,3,v1.1
2026-10-05,EWG,CORE,SIGNAL,True,CROSS_SECTIONAL,EX_US,EXUS_COUNTRY,country,Germany,,,ACWX,FEZ,,,READY,539,41.250000,665300.000000,27443625.000000,0.647709,-0.060150,-0.019025,-0.034163,-0.036592,-0.006348,0.006786,,,-0.034163,-0.036592,,,,-0.063080,-8664500.000000,43.101200,41.868925,0.925095,0.000000,34.634146,30.000000,41.000000,29.268293,-16.585366,-9.756098,-9.390244,-21.097561,-8.000000,-1.000000,0.003740,-0.025843,0,0,0,0,0,WEAKENING,WEAKENING,WEAKENING,22,,0,3,0,,0,3,v1.1
2026-10-05,EWI,EXTENDED,SIGNAL,True,CROSS_SECTIONAL,EX_US,EXUS_COUNTRY,country,Italy,,,ACWX,FEZ,,,READY,539,57.490002,172000.000000,9888280.288696,0.492515,-0.070643,-0.051164,-0.044656,-0.068731,-0.016841,-0.025352,,,-0.044656,-0.068731,,,,0.151484,-4234500.000000,61.480400,57.353310,0.907498,0.500000,32.804878,31.000000,41.000000,26.829268,-22.804878,-15.609756,-4.024390,-40.365854,-14.000000,2.000000,-0.026730,-0.081653,1,0,1,0,0,WEAKENING,NEUTRAL,NEUTRAL,6,WEAKENING,1,3,0,,0,3,v1.1
2026-10-05,ARGT,EXTENDED,SIGNAL,True,CROSS_SECTIONAL,EX_US,EXUS_COUNTRY,country,Argentina,,,ACWX,ILF,,,READY,539,89.529999,166700.000000,14924650.796509,1.227160,-0.071362,-0.035341,-0.045375,-0.052908,-0.120988,-0.158117,,,-0.045375,-0.052908,,,,-0.177998,-924100.000000,92.707600,92.325812,0.872875,0.000000,31.707317,32.000000,41.000000,24.390244,3.292683,-22.560976,-31.707317,-4.268293,0.000000,-19.000000,0.015398,-0.035415,4,0,4,0,1,WEAKENING,ROTATION_OUT,ROTATION_OUT,3,WEAKENING,1,3,0,,0,3,v1.1
2026-10-05,EZA,CORE,SIGNAL,True,CROSS_SECTIONAL,EX_US,EXUS_COUNTRY,country,South Africa,,,ACWX,AFK,,,READY,539,63.169998,86900.000000,5489472.840881,0.508796,-0.118230,-0.006605,-0.092243,-0.024172,-0.022864,-0.039184,,,-0.092243,-0.024172,,,,0.114313,-1073800.000000,67.837400,68.200962,0.791107,0.000000,29.024390,33.000000,41.000000,21.951220,-11.463415,-27.621951,-41.524390,14.512195,-6.000000,-25.000000,-0.021132,-0.087577,5,0,5,0,1,WEAKENING,WEAKENING,WEAKENING,12,,0,3,0,,0,3,v1.1
2026-10-05,EDEN,EXTENDED,SIGNAL,True,CROSS_SECTIONAL,EX_US,EXUS_COUNTRY,country,Denmark,,,ACWX,VGK,,,READY,539,108.620003,6300.000000,684306.017303,0.768916,-0.086305,-0.053338,-0.060318,-0.070905,-0.029132,-0.024754,,,-0.060318,-0.070905,,,,-0.006489,-59700.000000,114.446400,111.207453,0.879800,0.000000,27.195122,34.000000,41.000000,19.512195,10.121951,-20.731707,-26.097561,-55.243902,6.000000,-11.000000,-0.013396,-0.106833,0,0,0,0,0,WEAKENING,WEAKENING,WEAKENING,1,,0,3,0,,0,3,v1.1
2026-10-05,INDA,CORE,SIGNAL,True,CROSS_SECTIONAL,EX_US,EXUS_COUNTRY,country,India,,,ACWX,AAXJ,,,READY,539,46.570000,4094300.000000,190671549.750519,0.788165,-0.066920,-0.055950,-0.040933,-0.073517,-0.066419,-0.101727,,,-0.040933,-0.073517,,,,-0.227528,-38066500.000000,48.958600,49.820750,0.842286,0.000000,26.829268,35.000000,41.000000,17.073171,-6.097561,-8.048780,-7.073171,-29.390244,-6.000000,2.000000,-0.008360,-0.053879,0,0,0,0,2,WEAKENING,NEUTRAL,NEUTRAL,24,WEAKENING,1,3,0,,0,3,v1.1
2026-10-05,EWQ,EXTENDED,SIGNAL,True,CROSS_SECTIONAL,EX_US,EXUS_COUNTRY,country,France,,,ACWX,FEZ,,,READY,539,41.790001,438500.000000,18324915.401459,1.232314,-0.085358,-0.081538,-0.059371,-0.099106,-0.031555,-0.055727,,,-0.059371,-0.099106,,,,-0.140587,-2086600.000000,45.547000,44.711827,0.872443,0.000000,26.707317,36.000000,41.000000,14.634146,-3.780488,-6.341463,-0.853659,-26.219512,-6.000000,2.000000,-0.024255,-0.056501,0,0,0,0,1,WEAKENING,ROTATION_OUT,ROTATION_OUT,8,WEAKENING,1,3,0,,0,3,v1.1
2026-10-05,ECH,EXTENDED,SIGNAL,True,CROSS_SECTIONAL,EX_US,EXUS_COUNTRY,country,Chile,,,ACWX,ILF,,,READY,539,38.000000,405200.000000,15397600.000000,0.768486,-0.069540,-0.047380,-0.043552,-0.064947,-0.119165,-0.170156,,,-0.043552,-0.064947,,,,-0.200215,-2863500.000000,39.957800,40.691842,0.814860,0.000000,25.731707,37.000000,41.000000,12.195122,1.585366,-0.853659,-28.353659,-16.951220,0.000000,-15.000000,0.004320,-0.065200,0,0,0,0,0,WEAKENING,WEAKENING,WEAKENING,11,,0,3,0,,0,3,v1.1
2026-10-05,EIDO,CORE,SIGNAL,True,CROSS_SECTIONAL,EX_US,EXUS_COUNTRY,country,Indonesia,,,ACWX,ASEA,,,READY,539,11.920000,464200.000000,5533264.035416,0.398508,-0.087289,-0.008319,-0.061302,-0.025887,-0.049003,-0.051325,,,-0.061302,-0.025887,,,,-0.239220,-7891000.000000,12.509200,14.549863,0.631862,0.000000,18.414634,38.000000,41.000000,9.756098,-1.219512,-11.829268,-30.609756,-39.024390,1.000000,-13.000000,-0.016167,-0.136809,0,0,0,0,0,ROTATION_OUT,WEAKENING,WEAKENING,5,ROTATION_OUT,1,3,0,,0,3,v1.1
2026-10-05,VNM,CORE,SIGNAL,True,CROSS_SECTIONAL,EX_US,EXUS_COUNTRY,country,Vietnam,,,ACWX,ASEA,,,READY,539,16.900000,374500.000000,6329049.857140,0.664304,-0.069383,-0.065782,-0.043396,-0.083349,-0.031097,-0.108788,,,-0.043396,-0.083349,,,,-0.636812,-2961500.000000,17.460400,18.145444,0.853535,0.000000,17.560976,39.000000,41.000000,7.317073,1.463415,-7.804878,-32.682927,-22.682927,2.000000,-15.000000,-0.000706,-0.018873,0,0,0,0,0,ROTATION_OUT,ROTATION_OUT,ROTATION_OUT,6,,0,3,0,,0,3,v1.1
2026-10-05,ENZL,EXTENDED,SIGNAL,True,CROSS_SECTIONAL,EX_US,EXUS_COUNTRY,country,New Zealand,,,ACWX,VPL,,,READY,539,44.570000,10200.000000,454613.996887,0.263802,-0.071845,-0.018930,-0.045858,-0.036497,-0.071676,-0.073343,,,-0.045858,-0.036497,,,,-0.422514,-612900.000000,46.785800,45.426612,0.909406,0.000000,16.463415,40.000000,41.000000,4.878049,-9.146341,-11.341463,-42.926829,-47.987805,-5.000000,-21.000000,-0.013627,-0.053985,0,0,0,0,0,ROTATION_OUT,WEAKENING,WEAKENING,20,ROTATION_OUT,1,3,0,,0,3,v1.1
2026-10-05,TUR,EXTENDED,SIGNAL,True,CROSS_SECTIONAL,EX_US,EXUS_COUNTRY,country,Turkey,,,ACWX,VGK,,,READY,539,34.730000,144200.000000,5008065.933990,0.616995,-0.114708,-0.115835,-0.088721,-0.133402,-0.057534,-0.087251,,,-0.088721,-0.133402,,,,-0.295981,-1404900.000000,38.515800,39.023726,0.803767,0.000000,8.780488,41.000000,41.000000,2.439024,-13.414634,-0.609756,-35.487805,-45.609756,-3.000000,-13.000000,0.026874,-0.102061,2,0,2,0,1,ROTATION_OUT,ROTATION_OUT,ROTATION_OUT,10,,0,3,0,,0,3,v1.1
2026-10-05,DEM,DIAGNOSTIC,CONFIRMATION,False,REFERENCE,EX_US,EXUS_FACTOR,factor,EM high dividend,,EM high dividend,ACWX,EEM,,,READY,539,55.830002,111500.000000,6225045.204163,0.571368,-0.008773,0.060503,0.017214,0.042936,-0.009210,0.014703,,,0.017214,0.042936,,,,0.042956,-1886800.000000,54.666440,51.195282,0.989148,1.000000,,,,,,,,,,,-0.021523,0.039963,0,0,0,0,0,REFERENCE,REFERENCE,REFERENCE,1,,0,3,0,,0,3,v1.1
2026-10-05,DGS,DIAGNOSTIC,CONFIRMATION,False,REFERENCE,EX_US,EXUS_FACTOR,factor,EM small-cap dividend,,EM small-cap dividend,ACWX,EEM,,,READY,539,64.050003,31800.000000,2036790.097046,0.814766,-0.006365,0.015903,0.019622,-0.001664,-0.006802,-0.029898,,,0.019622,-0.001664,,,,0.015189,-15100.000000,62.802353,61.317068,0.986227,1.000000,,,,,,,,,,,0.009499,0.023999,0,0,0,0,0,REFERENCE,REFERENCE,REFERENCE,1,,0,3,0,,0,3,v1.1
2026-10-05,EEMO,DIAGNOSTIC,CONFIRMATION,False,REFERENCE,EX_US,EXUS_FACTOR,factor,EM momentum,,EM momentum,ACWX,EEM,,,READY,539,23.680000,17100.000000,404928.005219,0.149882,0.041743,0.072728,0.067730,0.055160,0.041306,0.026927,,,0.067730,0.055160,,,,0.879004,2232400.000000,21.808293,20.324184,0.924420,1.000000,,,,,,,,,,,0.030772,0.061467,0,0,0,0,0,REFERENCE,REFERENCE,REFERENCE,1,,0,3,0,,0,3,v1.1
2026-10-05,EEMV,DIAGNOSTIC,CONFIRMATION,False,REFERENCE,EX_US,EXUS_FACTOR,factor,EM minimum volatility,,EM minimum volatility,ACWX,EEM,,,READY,539,75.370003,369500.000000,27849216.014862,1.704352,-0.019513,0.032466,0.006474,0.014899,-0.019950,-0.013335,,,0.006474,0.014899,,,,0.036726,-58400.000000,74.564000,70.209947,0.979594,1.000000,,,,,,,,,,,-0.000225,0.005272,0,0,0,0,0,REFERENCE,REFERENCE,REFERENCE,1,,0,3,0,,0,3,v1.1
2026-10-05,EFAV,DIAGNOSTIC,CONFIRMATION,False,REFERENCE,EX_US,EXUS_FACTOR,factor,EAFE minimum volatility,,EAFE minimum volatility,ACWX,EFA,,,READY,539,91.000000,568600.000000,51742600.000000,1.013756,-0.039882,0.014041,-0.013895,-0.003527,-0.000011,0.015289,,,-0.013895,-0.003527,,,,-0.107762,-3111800.000000,93.314800,89.941151,0.956284,0.500000,,,,,,,,,,,-0.017514,-0.015143,0,0,0,0,0,REFERENCE,REFERENCE,REFERENCE,1,,0,3,0,,0,3,v1.1
2026-10-05,EFG,DIAGNOSTIC,CONFIRMATION,False,REFERENCE,EX_US,EXUS_FACTOR,factor,EAFE growth,,EAFE growth,ACWX,EFA,,,READY,539,120.980003,535600.000000,64796889.797974,0.288939,-0.028663,-0.012086,-0.002676,-0.029653,0.011208,-0.010837,,,-0.002676,-0.029653,,,,0.055536,2612900.000000,122.912400,119.419051,0.951475,0.500000,,,,,,,,,,,0.016772,-0.002824,0,0,0,0,0,REFERENCE,REFERENCE,REFERENCE,1,,0,3,0,,0,3,v1.1
2026-10-05,EFV,DIAGNOSTIC,CONFIRMATION,False,REFERENCE,EX_US,EXUS_FACTOR,factor,EAFE value,,EAFE value,ACWX,EFA,,,READY,539,78.559998,1843600.000000,144833211.499023,0.702416,-0.053152,0.005632,-0.027165,-0.011935,-0.013281,0.006880,,,-0.027165,-0.011935,,,,-0.140069,-28607400.000000,81.229800,76.250495,0.945595,0.500000,,,,,,,,,,,-0.029874,-0.045619,0,0,0,0,0,REFERENCE,REFERENCE,REFERENCE,1,,0,3,0,,0,3,v1.1
2026-10-05,IMTM,DIAGNOSTIC,CONFIRMATION,False,REFERENCE,EX_US,EXUS_FACTOR,factor,International momentum,,International momentum,ACWX,VEA,,,READY,539,53.160000,271400.000000,14427623.958588,0.799771,-0.020273,0.019563,0.005715,0.001996,0.012998,0.012132,,,0.005715,0.001996,,,,0.006159,-1845900.000000,53.229040,51.268021,0.972914,0.500000,,,,,,,,,,,-0.007050,0.014461,0,0,0,0,0,REFERENCE,REFERENCE,REFERENCE,1,,0,3,0,,0,3,v1.1
2026-10-05,IQLT,DIAGNOSTIC,CONFIRMATION,False,REFERENCE,EX_US,EXUS_FACTOR,factor,International quality,,International quality,ACWX,VEA,,,READY,539,49.700001,1685800.000000,83784261.286163,1.020423,-0.036635,0.004649,-0.010648,-0.012918,-0.003364,-0.002781,,,-0.010648,-0.012918,,,,0.009339,-14721200.000000,50.812600,48.319619,0.949561,0.500000,,,,,,,,,,,0.005955,-0.025790,0,0,0,0,0,REFERENCE,REFERENCE,REFERENCE,1,,0,3,0,,0,3,v1.1
2026-10-05,SCHY,DIAGNOSTIC,CONFIRMATION,False,REFERENCE,EX_US,EXUS_FACTOR,factor,International dividend quality,,International dividend quality,ACWX,ACWX,,,READY,539,31.309999,513700.000000,16083946.725655,0.864747,-0.048883,-0.016942,-0.022895,-0.034509,-0.022895,-0.034509,,,-0.022895,-0.034509,,,,-0.085045,-3442500.000000,32.630710,31.542815,0.935913,0.000000,,,,,,,,,,,-0.011890,-0.016735,0,0,0,0,0,REFERENCE,REFERENCE,REFERENCE,1,,0,3,0,,0,3,v1.1
2026-10-05,VYMI,DIAGNOSTIC,CONFIRMATION,False,REFERENCE,EX_US,EXUS_FACTOR,factor,International high dividend,,International high dividend,ACWX,ACWX,,,READY,539,101.080002,936400.000000,94651313.714600,1.055598,-0.048198,0.019019,-0.022211,0.001452,-0.022211,0.001452,,,-0.022211,0.001452,,,,0.047185,-7632500.000000,103.475145,97.072803,0.950914,0.500000,,,,,,,,,,,-0.023903,-0.030034,0,0,0,0,0,REFERENCE,REFERENCE,REFERENCE,1,,0,3,0,,0,3,v1.1
2026-10-05,DBEF,DIAGNOSTIC,CONFIRMATION,False,REFERENCE,EX_US,EXUS_FX_DIAGNOSTIC,fx_hedge,Currency-hedged EAFE,,Currency-hedged EAFE,ACWX,EFA,,,READY,539,55.209999,453200.000000,25021171.585083,0.902720,-0.013579,0.008402,0.012409,-0.009165,0.026292,0.009650,,,0.012409,-0.009165,,,,-0.017595,-3562900.000000,55.475200,52.423281,0.974753,0.500000,,,,,,,,,,,0.006051,-0.006231,0,0,0,0,0,REFERENCE,REFERENCE,REFERENCE,1,,0,3,0,,0,3,v1.1
2026-10-05,DXJ,DIAGNOSTIC,CONFIRMATION,False,REFERENCE,EX_US,EXUS_FX_DIAGNOSTIC,fx_hedge,Currency-hedged Japan,,Currency-hedged Japan,ACWX,EWJ,,,READY,539,183.479996,201700.000000,37007915.138245,1.078727,0.019959,0.045461,0.045946,0.027894,0.009580,-0.021478,,,0.045946,0.027894,,,,0.015928,82600.000000,178.211441,166.140356,1.000000,1.000000,,,,,,,,,,,0.030622,0.031358,0,0,0,0,0,REFERENCE,REFERENCE,REFERENCE,1,,0,3,0,,0,3,v1.1
2026-10-05,HEDJ,DIAGNOSTIC,CONFIRMATION,False,REFERENCE,EX_US,EXUS_FX_DIAGNOSTIC,fx_hedge,Currency-hedged Europe,,Currency-hedged Europe,ACWX,VGK,,,READY,539,55.689999,64000.000000,3564159.912109,2.095218,-0.026130,-0.019965,-0.000143,-0.037533,0.031044,0.008619,,,-0.000143,-0.037533,,,,0.067602,35300.000000,56.813977,54.715649,0.957310,0.500000,,,,,,,,,,,0.005194,-0.003072,0,0,0,0,0,REFERENCE,REFERENCE,REFERENCE,1,,0,3,0,,0,3,v1.1
2026-10-05,HEEM,DIAGNOSTIC,CONFIRMATION,False,REFERENCE,EX_US,EXUS_FX_DIAGNOSTIC,fx_hedge,Currency-hedged EM,,Currency-hedged EM,ACWX,EEM,,,READY,539,43.259998,7700.000000,333101.987076,0.307320,0.010276,0.015493,0.036263,-0.002074,0.009839,-0.030307,,,0.036263,-0.002074,,,,0.136309,79400.000000,42.047020,40.195779,0.938872,1.000000,,,,,,,,,,,0.017248,0.047087,0,0,0,0,0,REFERENCE,REFERENCE,REFERENCE,1,,0,3,0,,0,3,v1.1
2026-10-05,HEFA,DIAGNOSTIC,CONFIRMATION,False,REFERENCE,EX_US,EXUS_FX_DIAGNOSTIC,fx_hedge,Currency-hedged EAFE,,Currency-hedged EAFE,ACWX,EFA,,,READY,539,46.599998,347700.000000,16202819.469452,0.719201,-0.015839,0.005394,0.010148,-0.012173,0.024031,0.006642,,,0.010148,-0.012173,,,,-0.063024,-2215000.000000,46.945200,44.380682,0.971643,0.500000,,,,,,,,,,,0.003669,-0.006287,0,0,0,0,0,REFERENCE,REFERENCE,REFERENCE,1,,0,3,0,,0,3,v1.1
2026-10-05,ILF,CORE,SIGNAL,True,CROSS_SECTIONAL,EX_US,EXUS_REGION,region,Latin America large caps,,,ACWX,EEM,,,READY,539,37.860001,5254700.000000,198942945.207214,2.055760,0.049626,0.122776,0.075613,0.105209,0.049189,0.076975,,,0.075613,0.105209,,,,0.093685,-7432500.000000,34.958400,34.445361,1.000000,1.000000,98.125000,1.000000,8.000000,100.000000,43.125000,19.375000,28.125000,59.375000,4.000000,2.000000,0.071911,0.076836,18,5,18,5,2,PERSISTENT_LEADER,NEUTRAL,NEUTRAL,8,PERSISTENT_LEADER,1,3,0,,0,3,v1.1
2026-10-05,VPL,CORE,SIGNAL,True,CROSS_SECTIONAL,EX_US,EXUS_REGION,region,Developed Pacific incl. Japan,,,ACWX,VEA,,,READY,539,118.400002,237300.000000,28096320.362091,0.552771,-0.000169,0.054413,0.025818,0.036845,0.033102,0.046982,,,0.025818,0.036845,,,,-0.068534,-2464300.000000,114.811600,107.353442,0.980701,1.000000,69.375000,2.000000,8.000000,87.500000,-6.250000,-2.500000,0.625000,7.500000,-1.000000,2.000000,0.002655,0.029409,11,1,11,1,1,NEUTRAL,WEAKENING,WEAKENING,14,NEUTRAL,2,3,0,,0,3,v1.1
2026-10-05,AAXJ,CORE,SIGNAL,True,CROSS_SECTIONAL,EX_US,EXUS_REGION,region,Asia ex-Japan,,,ACWX,EEM,,,READY,539,119.480003,200600.000000,23967688.673401,0.424438,-0.000502,0.045777,0.025485,0.028210,-0.000939,-0.000024,,,0.025485,0.028210,,,,0.005517,1883600.000000,115.518400,108.384352,0.961919,1.000000,63.750000,3.000000,8.000000,75.000000,6.875000,4.375000,-10.625000,-0.000000,0.000000,-1.000000,0.004882,0.031367,8,7,8,7,0,REACCELERATING,NEUTRAL,NEUTRAL,17,REACCELERATING,1,3,0,,0,3,v1.1
2026-10-05,EPP,CORE,SIGNAL,True,CROSS_SECTIONAL,EX_US,EXUS_REGION,region,Pacific ex-Japan,,,ACWX,VEA,,,READY,539,55.000000,228000.000000,12540000.000000,1.092100,-0.056604,0.024590,-0.030616,0.007023,-0.023333,0.017160,,,-0.030616,0.007023,,,,0.061363,-891700.000000,56.761200,54.270272,0.939368,0.500000,51.875000,4.000000,8.000000,62.500000,-8.750000,1.875000,0.000000,11.875000,-2.000000,2.000000,-0.009421,-0.032895,2,0,2,0,1,NEUTRAL,NEUTRAL,NEUTRAL,11,,0,3,0,,0,3,v1.1
2026-10-05,AFK,EXTENDED,SIGNAL,True,CROSS_SECTIONAL,EX_US,EXUS_REGION,region,Africa,,,ACWX,EEM,,,READY,539,26.940001,80600.000000,2171364.043045,1.280258,-0.095366,0.032580,-0.069379,0.015012,-0.095803,-0.013221,,,-0.069379,0.015012,,,,0.170319,-167900.000000,28.294800,27.477134,0.881545,0.000000,48.750000,5.000000,8.000000,50.000000,-2.500000,-18.750000,-41.875000,21.250000,1.000000,-4.000000,-0.047234,-0.048571,13,0,13,0,0,WEAKENING,WEAKENING,WEAKENING,9,,0,3,0,,0,3,v1.1
2026-10-05,FEZ,CORE,SIGNAL,True,CROSS_SECTIONAL,EX_US,EXUS_REGION,region,Eurozone blue chips,,,ACWX,VEA,,,READY,539,66.739998,888300.000000,59285140.102386,0.894837,-0.053803,-0.025811,-0.027816,-0.043379,-0.020532,-0.033242,,,-0.027816,-0.043379,,,,0.027401,-8528000.000000,69.821293,66.369415,0.927168,0.500000,48.125000,6.000000,8.000000,37.500000,1.250000,9.375000,16.875000,-21.875000,2.000000,2.000000,-0.006147,-0.042860,0,0,0,0,0,NEUTRAL,WEAKENING,WEAKENING,23,NEUTRAL,2,3,0,,0,3,v1.1
2026-10-05,ASEA,EXTENDED,SIGNAL,True,CROSS_SECTIONAL,EX_US,EXUS_REGION,region,Southeast Asia,,,ACWX,EEM,,,READY,539,21.100000,5000.000000,105500.001907,0.232545,-0.038286,0.043005,-0.012299,0.025438,-0.038723,-0.002795,,,-0.012299,0.025438,,,,0.004312,-82300.000000,21.389200,19.836095,0.959091,0.500000,47.500000,7.000000,8.000000,25.000000,-8.750000,-10.000000,-13.750000,-35.625000,-3.000000,-2.000000,-0.026762,-0.046727,8,0,8,0,0,WEAKENING,WEAKENING,WEAKENING,12,,0,3,0,,0,3,v1.1
2026-10-05,VGK,CORE,SIGNAL,True,CROSS_SECTIONAL,EX_US,EXUS_REGION,region,Developed Europe,,,ACWX,VEA,,,READY,539,86.279999,1991400.000000,171817989.569092,0.748344,-0.057174,-0.028584,-0.031187,-0.046151,-0.023903,-0.036015,,,-0.031187,-0.046151,,,,-0.130190,-14669900.000000,90.209986,86.587553,0.928156,0.000000,22.500000,8.000000,8.000000,12.500000,-25.000000,-18.750000,-14.375000,-47.500000,-1.000000,-1.000000,-0.011706,-0.039476,0,0,0,0,1,ROTATION_OUT,WEAKENING,WEAKENING,61,ROTATION_OUT,2,3,0,,0,3,v1.1
2026-10-05,EZU,EXTENDED,CONFIRMATION,False,REFERENCE,EX_US,EXUS_REGION,region,Eurozone broad,,,ACWX,VEA,,,READY,539,66.790001,1868800.000000,124817153.710938,1.500922,-0.052086,-0.029779,-0.026099,-0.047346,-0.018815,-0.037209,,,-0.026099,-0.047346,,,,-0.200122,-8815200.000000,69.762200,66.630174,0.927768,0.500000,,,,,,,,,,,-0.010615,-0.033934,0,0,0,0,0,REFERENCE,REFERENCE,REFERENCE,1,,0,3,0,,0,3,v1.1
2026-10-05,IEUR,EXTENDED,CONFIRMATION,False,REFERENCE,EX_US,EXUS_REGION,region,Developed Europe,,,ACWX,VEA,,,READY,539,73.309998,1940900.000000,142287374.261475,1.577161,-0.055040,-0.029778,-0.029053,-0.047345,-0.021769,-0.037208,,,-0.029053,-0.047345,,,,0.375087,-16181300.000000,76.549400,73.517987,0.930684,0.000000,,,,,,,,,,,-0.010485,-0.038210,0,0,0,0,0,REFERENCE,REFERENCE,REFERENCE,1,,0,3,0,,0,3,v1.1
2026-10-05,CORO,DIAGNOSTIC,CONFIRMATION,False,REFERENCE,EX_US,EXUS_THEME_ACTIVE,active,Active non-U.S. country rotation,,Active non-U.S. country rotation,ACWX,ACWX,,,READY,457,36.740002,1925300.000000,70735525.231552,0.218382,-0.021311,0.023398,0.004677,0.005831,0.004677,0.005831,,,0.004677,0.005831,,,,-0.244905,107703900.000000,36.682900,34.569395,0.978689,1.000000,,,,,,,,,,,-0.003663,0.005321,0,0,0,0,0,REFERENCE,REFERENCE,REFERENCE,1,,0,3,0,,0,3,v1.1
2026-10-05,CQQQ,DIAGNOSTIC,CONFIRMATION,False,REFERENCE,EX_US,EXUS_THEME_ACTIVE,theme,China technology,,China technology,ACWX,MCHI,,,READY,539,45.049999,623000.000000,28066149.524689,0.708895,-0.065740,-0.164813,-0.039753,-0.182380,-0.017844,-0.174469,,,-0.039753,-0.182380,,,,-0.123170,-7553400.000000,48.522800,51.284075,0.761448,0.000000,,,,,,,,,,,0.015110,-0.051909,0,0,0,0,0,REFERENCE,REFERENCE,REFERENCE,1,,0,3,0,,0,3,v1.1
2026-10-05,KBA,DIAGNOSTIC,CONFIRMATION,False,REFERENCE,EX_US,EXUS_THEME_ACTIVE,theme,China A-shares,,China A-shares,ACWX,MCHI,,,READY,539,30.870001,28100.000000,867447.023582,0.618860,-0.058267,-0.069059,-0.032280,-0.086626,-0.010371,-0.078715,,,-0.032280,-0.086626,,,,-0.566657,322700.000000,32.667800,32.226068,0.872034,0.000000,,,,,,,,,,,0.012632,-0.000943,0,0,0,0,0,REFERENCE,REFERENCE,REFERENCE,1,,0,3,0,,0,3,v1.1
2026-10-05,KWEB,DIAGNOSTIC,CONFIRMATION,False,REFERENCE,EX_US,EXUS_THEME_ACTIVE,theme,China internet,,China internet,ACWX,MCHI,,,READY,539,24.559999,25504600.000000,626392962.379074,1.648832,-0.057198,-0.037240,-0.031210,-0.054808,-0.009301,-0.046897,,,-0.031210,-0.054808,,,,-0.256105,-16430300.000000,26.155000,29.069636,0.607797,0.000000,,,,,,,,,,,0.014594,0.031628,0,0,0,0,0,REFERENCE,REFERENCE,REFERENCE,1,,0,3,0,,0,3,v1.1
2026-10-05,ACWI,CORE,BENCHMARK,False,REFERENCE,GLOBAL_INCL_US,GLOBAL_BROAD,broad,"All-country world, large/mid",,,,,,,READY,539,161.110001,1622300.000000,261368753.990173,0.813520,-0.004818,0.029720,,,,,,,,,,,,-0.101874,-16681300.000000,159.844200,150.935080,0.991568,1.000000,,,,,,,,,,,,,0,0,0,0,0,REFERENCE,REFERENCE,REFERENCE,1,,0,3,0,,0,3,v1.1
2026-10-05,IOO,EXTENDED,CONFIRMATION,False,REFERENCE,GLOBAL_INCL_US,GLOBAL_BROAD,broad,Global mega caps,,,ACWI,,,,READY,539,145.669998,332200.000000,48391573.391724,2.120793,0.004344,0.052073,0.009162,0.022353,,,,,0.009162,0.022353,,,,-0.189652,50100.000000,143.801601,134.265376,0.996443,1.000000,,,,,,,,,,,0.000271,0.025642,0,0,0,0,0,REFERENCE,REFERENCE,REFERENCE,1,,0,3,0,,0,3,v1.1
2026-10-05,SPGM,EXTENDED,CONFIRMATION,False,REFERENCE,GLOBAL_INCL_US,GLOBAL_BROAD,broad,Global all-cap,,,ACWI,,,,READY,539,87.739998,138300.000000,12134441.704559,1.204719,-0.005215,0.029450,-0.000397,-0.000270,,,,,-0.000397,-0.000270,,,,0.022892,-546400.000000,87.132200,82.273733,0.989847,1.000000,,,,,,,,,,,-0.000943,0.001986,0,0,0,0,0,REFERENCE,REFERENCE,REFERENCE,1,,0,3,0,,0,3,v1.1
2026-10-05,URTH,CORE,CONFIRMATION,False,REFERENCE,GLOBAL_INCL_US,GLOBAL_BROAD,broad,"Developed world, large/mid",,,ACWI,,,,READY,539,208.550003,314200.000000,65526410.958862,0.651040,-0.006053,0.026682,-0.001235,-0.003038,,,,,-0.001235,-0.003038,,,,-0.114420,-2998400.000000,207.740000,196.118025,0.986005,1.000000,,,,,,,,,,,0.000756,-0.001760,0,0,0,0,0,REFERENCE,REFERENCE,REFERENCE,1,,0,3,0,,0,3,v1.1
2026-10-05,VT,CORE,CONFIRMATION,False,REFERENCE,GLOBAL_INCL_US,GLOBAL_BROAD,broad,"Total world, all-cap",,,ACWI,,,,READY,539,160.110001,2172500.000000,347838976.325989,0.796169,-0.007473,0.026745,-0.002655,-0.002975,,,,,-0.002655,-0.002975,,,,-0.064081,-21457700.000000,159.188040,150.560992,0.988493,1.000000,,,,,,,,,,,-0.000278,-0.003768,0,0,0,0,0,REFERENCE,REFERENCE,REFERENCE,1,,0,3,0,,0,3,v1.1
2026-10-05,REET,CORE,SIGNAL,True,PAIR,GLOBAL_INCL_US,GLOBAL_REAL_ESTATE,sector,Global REITs,Real Estate,,ACWI,,XLRE,GLOBAL_VS_US_SECTOR,READY,539,25.530001,3392300.000000,86605421.329308,1.132962,-0.060259,-0.083995,-0.055441,-0.113715,,,0.006157,0.002386,0.006157,0.002386,PAIR_LEADING,PAIR_LEADING,PAIR_LEADING,-0.233307,-37818200.000000,27.193148,26.442980,0.891274,0.000000,42.304671,,,,1.942974,-2.001307,-1.824643,-22.083817,,,-0.004111,-0.021825,0,0,0,0,0,NEUTRAL,NEUTRAL,NEUTRAL,7,,0,3,8,,0,3,v1.1
2026-10-05,RWO,EXTENDED,CONFIRMATION,False,REFERENCE,GLOBAL_INCL_US,GLOBAL_REAL_ESTATE,sector,Global Real Estate,Real Estate,,ACWI,,XLRE,GLOBAL_VS_US_SECTOR,READY,539,46.150002,36100.000000,1666015.055084,0.275022,-0.057732,-0.082426,-0.052914,-0.112146,,,0.008684,0.003955,-0.052914,-0.112146,,,,-0.170875,-1697000.000000,49.017681,47.746786,0.895172,0.000000,,,,,,,,,,,-0.014058,-0.076705,0,0,0,0,0,REFERENCE,REFERENCE,REFERENCE,1,,0,3,0,,0,3,v1.1
2026-10-05,IXN,CORE,SIGNAL,True,CROSS_SECTIONAL,GLOBAL_INCL_US,GLOBAL_SECTOR,sector,Global Technology,Technology,,ACWI,,XLK,GLOBAL_VS_US_SECTOR,READY,539,152.860001,395400.000000,60440844.241333,1.386281,0.069549,0.125129,0.074367,0.095409,,,-0.004588,0.002434,0.074367,0.095409,,,,0.028146,1058400.000000,141.427401,124.339988,1.000000,1.000000,94.500000,1.000000,10.000000,100.000000,-1.500000,9.500000,35.500000,32.000000,0.000000,4.000000,0.017819,0.093138,14,13,14,13,1,PERSISTENT_LEADER,PERSISTENT_LEADER,PERSISTENT_LEADER,7,,0,3,0,,0,3,v1.1
2026-10-05,IXC,CORE,SIGNAL,True,CROSS_SECTIONAL,GLOBAL_INCL_US,GLOBAL_SECTOR,sector,Global Energy,Energy,,ACWI,,XLE,GLOBAL_VS_US_SECTOR,READY,539,58.400002,381100.000000,22256240.581512,0.680519,-0.000171,0.153239,0.004647,0.123519,,,0.003464,-0.014901,0.004647,0.123519,,,,-0.219927,1792200.000000,57.289600,52.382776,0.964015,1.000000,82.500000,2.000000,10.000000,90.000000,-4.500000,-2.500000,-11.000000,40.000000,0.000000,-1.000000,-0.014088,0.087639,20,30,20,30,0,WEAKENING,WEAKENING,WEAKENING,3,,0,3,0,,0,3,v1.1
2026-10-05,IXJ,CORE,SIGNAL,True,CROSS_SECTIONAL,GLOBAL_INCL_US,GLOBAL_SECTOR,sector,Global Health Care,Health Care,,ACWI,,XLV,GLOBAL_VS_US_SECTOR,READY,539,101.470001,100300.000000,10177441.122437,0.580600,-0.032698,-0.001378,-0.027880,-0.031098,,,-0.012637,-0.023091,-0.027880,-0.031098,,,,0.104289,-1989300.000000,103.121000,97.617653,0.944083,0.500000,65.500000,3.000000,10.000000,80.000000,-11.500000,-5.000000,-15.000000,-14.000000,0.000000,-1.000000,-0.030333,-0.082370,15,10,15,10,1,WEAKENING,WEAKENING,WEAKENING,1,,0,3,0,,0,3,v1.1
2026-10-05,EXI,CORE,SIGNAL,True,CROSS_SECTIONAL,GLOBAL_INCL_US,GLOBAL_SECTOR,sector,Global Industrials,Industrials,,ACWI,,XLI,GLOBAL_VS_US_SECTOR,READY,539,191.979996,96500.000000,18526069.587708,1.383170,-0.027358,-0.035325,-0.022540,-0.065045,,,-0.000469,0.029500,-0.022540,-0.065045,,,,-0.191385,-305000.000000,197.672200,192.043083,0.928157,0.000000,58.000000,4.000000,10.000000,70.000000,13.000000,17.000000,15.000000,-2.500000,2.000000,3.000000,0.010325,-0.039311,1,0,1,0,0,NEUTRAL,NEUTRAL,NEUTRAL,2,,0,3,0,,0,3,v1.1
2026-10-05,IXP,CORE,SIGNAL,True,CROSS_SECTIONAL,GLOBAL_INCL_US,GLOBAL_SECTOR,sector,Global Communication Services,Communication Services,,ACWI,,XLC,GLOBAL_VS_US_SECTOR,READY,539,118.910004,33300.000000,3959703.121948,0.386302,0.005156,0.019986,0.009974,-0.009734,,,0.005622,0.011359,0.009974,-0.009734,,,,-0.330011,-1328100.000000,117.883200,118.913336,0.946373,0.000000,57.000000,5.000000,10.000000,60.000000,3.500000,-15.000000,22.500000,34.500000,0.000000,4.000000,-0.006771,0.045225,2,0,2,0,1,NEUTRAL,NEUTRAL,NEUTRAL,4,,0,3,0,,0,3,v1.1
2026-10-05,MXI,CORE,SIGNAL,True,CROSS_SECTIONAL,GLOBAL_INCL_US,GLOBAL_SECTOR,sector,Global Materials,Materials,,ACWI,,XLB,GLOBAL_VS_US_SECTOR,READY,539,108.760002,5600.000000,609056.011963,0.169925,-0.056640,0.021892,-0.051822,-0.007828,,,-0.004920,0.056491,-0.051822,-0.007828,,,,0.329986,-524400.000000,111.424000,107.946728,0.917883,0.500000,50.000000,6.000000,10.000000,50.000000,7.500000,16.500000,-21.500000,4.500000,2.000000,-3.000000,0.009199,-0.025000,1,0,1,0,2,WEAKENING,WEAKENING,WEAKENING,16,,0,3,0,,0,3,v1.1
2026-10-05,IXG,CORE,SIGNAL,True,CROSS_SECTIONAL,GLOBAL_INCL_US,GLOBAL_SECTOR,sector,Global Financials,Financials,,ACWI,,XLF,GLOBAL_VS_US_SECTOR,READY,539,127.019997,24200.000000,3073883.918762,0.499345,-0.067401,-0.017253,-0.062583,-0.046973,,,0.001950,0.018060,-0.062583,-0.046973,,,,-0.022311,-491500.000000,132.697201,123.123489,0.927153,0.500000,43.000000,7.000000,10.000000,40.000000,-10.500000,-18.000000,-19.500000,-47.000000,-3.000000,-3.000000,-0.031202,-0.126786,8,0,8,0,1,WEAKENING,WEAKENING,WEAKENING,4,,0,3,0,,0,3,v1.1
2026-10-05,KXI,CORE,SIGNAL,True,CROSS_SECTIONAL,GLOBAL_INCL_US,GLOBAL_SECTOR,sector,Global Consumer Staples,Consumer Staples,,ACWI,,XLP,GLOBAL_VS_US_SECTOR,READY,539,65.300003,63800.000000,4166140.194702,0.498698,-0.044204,-0.054445,-0.039386,-0.084165,,,-0.008651,-0.015711,-0.039386,-0.084165,,,,-0.317630,-1405600.000000,68.125800,67.663531,0.898304,0.000000,36.000000,8.000000,10.000000,30.000000,-8.500000,-7.000000,-8.000000,-32.500000,-1.000000,-2.000000,-0.020474,-0.054369,0,0,0,0,0,WEAKENING,WEAKENING,WEAKENING,9,,0,3,0,,0,3,v1.1
2026-10-05,RXI,CORE,SIGNAL,True,CROSS_SECTIONAL,GLOBAL_INCL_US,GLOBAL_SECTOR,sector,Global Consumer Discretionary,Consumer Discretionary,,ACWI,,XLY,GLOBAL_VS_US_SECTOR,READY,539,186.279999,8600.000000,1602007.989502,0.230708,-0.051624,-0.049349,-0.046806,-0.079069,,,-0.014666,0.007954,-0.046806,-0.079069,,,,-0.489261,-572500.000000,195.321399,197.418997,0.877181,0.000000,24.000000,9.000000,10.000000,20.000000,12.500000,-3.000000,-7.000000,-11.500000,1.000000,1.000000,0.016409,-0.039822,0,0,0,0,0,ROTATION_OUT,ROTATION_OUT,ROTATION_OUT,12,,0,3,0,,0,3,v1.1
2026-10-05,JXI,CORE,SIGNAL,True,CROSS_SECTIONAL,GLOBAL_INCL_US,GLOBAL_SECTOR,sector,Global Utilities,Utilities,,ACWI,,XLU,GLOBAL_VS_US_SECTOR,READY,539,77.629997,14000.000000,1086819.961548,0.133872,-0.049235,-0.090877,-0.044417,-0.120597,,,0.016135,0.028075,-0.044417,-0.120597,,,,-0.464321,-956400.000000,81.174200,82.904750,0.880070,0.000000,19.500000,10.000000,10.000000,10.000000,-5.000000,-10.000000,-16.000000,-36.000000,-1.000000,-2.000000,0.004348,-0.052118,0,0,0,0,0,ROTATION_OUT,ROTATION_OUT,ROTATION_OUT,5,,0,3,0,,0,3,v1.1
2026-10-05,CARZ,DIAGNOSTIC,CONFIRMATION,False,REFERENCE,GLOBAL_INCL_US,GLOBAL_THEME,theme,Future vehicles & enabling technology,Consumer Discretionary,Future vehicles & enabling technology,ACWI,XLY,,,READY,539,109.870003,300.000000,32961.000824,0.074907,0.032710,0.011601,0.037528,-0.018119,0.069668,0.068904,,,0.037528,-0.018119,,,,0.260389,33300.000000,106.229400,98.434150,0.892019,1.000000,,,,,,,,,,,0.011755,0.075337,0,0,0,0,0,REFERENCE,REFERENCE,REFERENCE,1,,0,3,0,,0,3,v1.1
2026-10-05,CIBR,CORE,SIGNAL,True,CROSS_SECTIONAL,GLOBAL_INCL_US,US_INDUSTRY_THEME,theme,Cybersecurity,Information Technology,Cybersecurity,SPY,XLK,,,READY,539,106.010002,2810700.000000,297962313.004303,1.622740,0.120764,0.149692,0.112241,0.110848,0.046627,0.026997,,,0.112241,0.110848,,,,0.204582,15860500.000000,97.756156,80.011928,1.000000,1.000000,92.777778,1.000000,27.000000,100.000000,12.037037,-3.333333,37.037037,7.592593,1.000000,11.000000,0.078267,0.065851,16,16,16,16,0,PERSISTENT_LEADER,PERSISTENT_LEADER,PERSISTENT_LEADER,10,,0,3,0,,0,3,v1.1
2026-10-05,SKYY,EXTENDED,SIGNAL,True,CROSS_SECTIONAL,GLOBAL_INCL_US,US_INDUSTRY_THEME,theme,Cloud Computing,Information Technology,Cloud Computing,SPY,XLK,,,READY,539,169.839996,117200.000000,19905247.570801,0.633148,0.051250,0.221783,0.042728,0.182939,-0.022887,0.099088,,,0.042728,0.182939,,,,0.125219,353600.000000,159.525199,132.964650,1.000000,1.000000,79.629630,2.000000,27.000000,96.296296,-10.370370,-13.333333,4.259259,21.296296,-1.000000,3.000000,0.056566,0.082114,17,16,17,16,1,PERSISTENT_LEADER,PERSISTENT_LEADER,PERSISTENT_LEADER,10,,0,3,0,,0,3,v1.1
2026-10-05,IGV,CORE,SIGNAL,True,CROSS_SECTIONAL,NORTH_AMERICA,US_INDUSTRY_THEME,industry,Software,Information Technology,Software,SPY,XLK,,,READY,539,109.720001,5467700.000000,599916050.674438,0.698731,0.049249,0.165622,0.040727,0.126778,-0.024888,0.042927,,,0.040727,0.126778,,,,0.027783,-21456900.000000,103.419000,93.616483,0.937313,1.000000,77.407407,3.000000,27.000000,92.592593,1.481481,-5.555556,-2.222222,40.740741,1.000000,1.000000,0.075506,0.082543,18,16,18,16,0,PERSISTENT_LEADER,PERSISTENT_LEADER,PERSISTENT_LEADER,1,,0,3,0,,0,3,v1.1
2026-10-05,SMH,CORE,SIGNAL,True,CROSS_SECTIONAL,MIXED_US_LISTED,US_INDUSTRY_THEME,industry,Semiconductors,Information Technology,Semiconductors,SPY,XLK,,,READY,539,633.900024,3488800.000000,2211550405.175781,0.612211,0.117970,0.090206,0.109447,0.051362,0.043832,-0.032489,,,0.109447,0.051362,,,,0.085332,53884000.000000,571.300801,500.891878,0.947661,1.000000,75.000000,4.000000,27.000000,88.888889,-0.555556,1.481481,28.703704,10.740741,1.000000,13.000000,0.022264,0.103011,11,11,11,11,0,PERSISTENT_LEADER,PERSISTENT_LEADER,PERSISTENT_LEADER,1,,0,3,0,,0,3,v1.1
2026-10-05,IYZ,CORE,SIGNAL,True,CROSS_SECTIONAL,US,US_INDUSTRY_THEME,industry,Telecommunications,Communication Services,Telecommunications,SPY,XLC,,,READY,539,42.930000,545500.000000,23418315.166473,0.740017,0.009862,0.063682,0.001340,0.024838,0.010328,0.055054,,,0.001340,0.024838,,,,0.171409,7595200.000000,42.347562,40.075409,0.941529,1.000000,74.814815,5.000000,27.000000,85.185185,20.555556,-3.518519,35.555556,48.333333,6.000000,15.000000,0.038587,0.065659,5,3,5,3,0,EMERGING,NEUTRAL,NEUTRAL,15,EMERGING,2,3,0,,0,3,v1.1
2026-10-05,XOP,CORE,SIGNAL,True,CROSS_SECTIONAL,US,US_INDUSTRY_THEME,industry,Oil & Gas Exploration & Production,Energy,Oil & Gas Exploration & Production,SPY,XLE,,,READY,539,187.440002,2505200.000000,469574694.116211,0.708342,-0.013228,0.195904,-0.021750,0.157060,-0.009593,0.027764,,,-0.021750,0.157060,,,,-0.155142,5956600.000000,182.821672,162.687970,0.942350,1.000000,71.296296,6.000000,27.000000,81.481481,-2.777778,-6.111111,-12.777778,39.629630,1.000000,-5.000000,0.003190,0.049449,18,3,18,3,3,WEAKENING,WEAKENING,WEAKENING,3,,0,3,0,,0,3,v1.1
2026-10-05,IHF,CORE,SIGNAL,True,CROSS_SECTIONAL,US,US_INDUSTRY_THEME,industry,Health Care Providers,Health Care,Health Care Providers,SPY,XLV,,,READY,539,56.040001,1194300.000000,66928573.093414,1.997553,-0.021792,-0.023323,-0.030315,-0.062167,-0.001731,-0.045037,,,-0.030315,-0.062167,,,,-0.020460,-5079800.000000,56.467689,50.503466,0.966592,0.500000,70.185185,7.000000,27.000000,77.777778,-4.259259,9.814815,-0.925926,-9.074074,-1.000000,0.000000,-0.014374,-0.121956,8,1,8,1,2,WEAKENING,WEAKENING,WEAKENING,2,,0,3,0,,0,3,v1.1
2026-10-05,FDN,CORE,SIGNAL,True,CROSS_SECTIONAL,US,US_INDUSTRY_THEME,industry,Internet,Communication Services,Internet,SPY,XLC,,,READY,539,293.829987,110600.000000,32497596.514893,0.652387,0.010176,0.081569,0.001654,0.042725,0.010642,0.072942,,,0.001654,0.042725,,,,-0.100908,232500.000000,287.347400,266.181650,0.989826,1.000000,69.259259,8.000000,27.000000,74.074074,-11.111111,-15.925926,6.851852,23.333333,-5.000000,2.000000,0.028407,0.019469,16,0,16,0,2,NEUTRAL,NEUTRAL,NEUTRAL,5,,0,3,0,,0,3,v1.1
2026-10-05,IHI,CORE,SIGNAL,True,CROSS_SECTIONAL,US,US_INDUSTRY_THEME,industry,Medical Devices,Health Care,Medical Devices,SPY,XLV,,,READY,539,51.590000,4817300.000000,248524507.735062,1.775380,-0.036534,-0.011087,-0.045056,-0.049931,-0.016473,-0.032800,,,-0.045056,-0.049931,,,,-0.005766,648600.000000,53.338368,54.297547,0.804111,0.000000,62.962963,9.000000,27.000000,70.370370,15.185185,24.074074,20.370370,19.629630,6.000000,9.000000,0.009606,-0.075492,1,0,1,0,1,NEUTRAL,NEUTRAL,NEUTRAL,3,,0,3,0,,0,3,v1.1
2026-10-05,PBJ,CORE,SIGNAL,True,CROSS_SECTIONAL,MIXED_US_LISTED,US_INDUSTRY_THEME,industry,Food & Beverage,Consumer Staples,Food & Beverage,SPY,XLP,,,READY,539,45.450001,467200.000000,21234240.356445,12.890575,-0.046949,-0.052885,-0.055472,-0.091729,-0.011397,-0.014150,,,-0.055472,-0.091729,,,,0.061250,383800.000000,47.130171,47.657464,0.900668,0.000000,60.000000,10.000000,27.000000,66.666667,8.148148,28.333333,24.074074,19.814815,4.000000,13.000000,-0.003334,-0.047968,0,0,0,0,2,NEUTRAL,NEUTRAL,NEUTRAL,21,,0,3,0,,0,3,v1.1
2026-10-05,PEJ,CORE,SIGNAL,True,CROSS_SECTIONAL,US,US_INDUSTRY_THEME,industry,Leisure & Entertainment,Consumer Discretionary,Leisure & Entertainment,SPY,XLY,,,READY,539,62.560001,395200.000000,24723712.542725,6.081475,-0.033543,-0.058678,-0.042065,-0.097522,0.003415,-0.001375,,,-0.042065,-0.097522,,,,-0.173731,-67600.000000,65.280397,62.460998,0.907095,0.500000,59.629630,11.000000,27.000000,62.962963,35.185185,37.037037,19.814815,17.037037,13.000000,8.000000,0.017175,-0.080389,0,0,0,0,2,NEUTRAL,WEAKENING,WEAKENING,3,NEUTRAL,2,3,0,,0,3,v1.1
2026-10-05,PAVE,CORE,SIGNAL,True,CROSS_SECTIONAL,US,US_INDUSTRY_THEME,theme,U.S. infrastructure,Industrials,U.S. infrastructure,SPY,XLI,,,READY,539,54.110001,1499700.000000,81148767.915344,1.054779,-0.019036,-0.041283,-0.027558,-0.080127,0.007853,0.023542,,,-0.027558,-0.080127,,,,-0.048388,-5999300.000000,55.407600,54.318826,0.903565,0.000000,58.703704,12.000000,27.000000,59.259259,17.037037,29.629630,32.407407,26.111111,4.000000,13.000000,0.010370,-0.008071,0,0,0,0,2,NEUTRAL,NEUTRAL,NEUTRAL,11,,0,3,0,,0,3,v1.1
2026-10-05,OIH,CORE,SIGNAL,True,CROSS_SECTIONAL,GLOBAL_INCL_US,US_INDUSTRY_THEME,industry,Oil Services,Energy,Oil Services,SPY,XLE,,,READY,539,394.700012,361600.000000,142723524.414062,1.392889,-0.076790,0.077532,-0.085313,0.038688,-0.073155,-0.090608,,,-0.085313,0.038688,,,,-0.185841,104900.000000,403.809800,388.628133,0.869536,0.500000,50.370370,13.000000,27.000000,55.555556,9.814815,-7.777778,-24.629630,30.000000,4.000000,-7.000000,-0.019524,0.054695,6,0,6,0,2,WEAKENING,WEAKENING,WEAKENING,14,,0,3,0,,0,3,v1.1
2026-10-05,XBI,CORE,SIGNAL,True,CROSS_SECTIONAL,US,US_INDUSTRY_THEME,industry,Biotechnology,Health Care,Biotechnology,SPY,XLV,,,READY,539,156.190002,6989500.000000,1091690022.064209,0.779197,-0.046517,-0.046866,-0.055040,-0.085710,-0.026456,-0.068580,,,-0.055040,-0.085710,,,,-0.166864,-11432800.000000,158.166599,138.913791,0.921203,0.500000,49.629630,14.000000,27.000000,51.851852,-13.888889,-19.629630,-30.555556,-38.703704,-6.000000,-11.000000,-0.021896,-0.313117,10,0,10,0,0,WEAKENING,WEAKENING,WEAKENING,13,,0,3,0,,0,3,v1.1
2026-10-05,IYG,CORE,SIGNAL,True,CROSS_SECTIONAL,US,US_INDUSTRY_THEME,industry,Financial Services,Financials,Financial Services,SPY,XLF,,,READY,539,90.760002,70300.000000,6380428.150177,0.643492,-0.070981,-0.032876,-0.079503,-0.071720,-0.001629,0.002437,,,-0.079503,-0.071720,,,,0.073531,-399000.000000,95.341290,90.020823,0.923084,0.500000,42.962963,15.000000,27.000000,48.148148,-16.296296,-15.185185,-39.629630,-20.925926,-5.000000,-13.000000,-0.019199,-0.137866,3,0,3,0,0,WEAKENING,WEAKENING,WEAKENING,8,,0,3,0,,0,3,v1.1
2026-10-05,IYT,CORE,SIGNAL,True,CROSS_SECTIONAL,US,US_INDUSTRY_THEME,industry,Transportation,Industrials,Transportation,SPY,XLI,,,READY,539,79.849998,983400.000000,78524488.499451,0.959523,-0.049185,-0.081907,-0.057707,-0.120751,-0.022296,-0.017082,,,-0.057707,-0.120751,,,,-0.088066,-5700700.000000,83.774834,80.950647,0.889125,0.000000,41.851852,16.000000,27.000000,44.444444,18.888889,4.814815,8.518519,-6.666667,10.000000,8.000000,0.022570,-0.070380,0,0,0,0,2,NEUTRAL,WEAKENING,WEAKENING,9,NEUTRAL,2,3,0,,0,3,v1.1
2026-10-05,XRT,CORE,SIGNAL,True,CROSS_SECTIONAL,US,US_INDUSTRY_THEME,industry,Retail,Consumer Discretionary,Retail,SPY,XLY,,,READY,539,82.919998,2206600.000000,182971267.959595,0.679480,-0.051316,-0.046745,-0.059838,-0.085589,-0.014358,0.010558,,,-0.059838,-0.085589,,,,-0.265507,-2964200.000000,86.416753,85.363209,0.899786,0.000000,35.925926,17.000000,27.000000,40.740741,-2.592593,8.518519,-2.777778,-18.240741,1.000000,4.000000,-0.014288,-0.100958,0,0,0,0,0,WEAKENING,NEUTRAL,NEUTRAL,6,WEAKENING,1,3,0,,0,3,v1.1
2026-10-05,KRE,CORE,SIGNAL,True,CROSS_SECTIONAL,US,US_INDUSTRY_THEME,industry,Regional Banks,Financials,Regional Banks,SPY,XLF,,,READY,539,70.389999,9793600.000000,689371498.022461,0.632021,-0.059507,-0.057001,-0.068030,-0.095845,0.009844,-0.021688,,,-0.068030,-0.095845,,,,-0.220377,-58656000.000000,73.904187,69.853650,0.908391,0.500000,35.740741,18.000000,27.000000,37.037037,-17.777778,-15.000000,-20.925926,-25.925926,-6.000000,-7.000000,-0.025357,-0.127854,0,0,0,0,0,WEAKENING,NEUTRAL,NEUTRAL,11,WEAKENING,1,3,0,,0,3,v1.1
2026-10-05,XME,CORE,SIGNAL,True,CROSS_SECTIONAL,US,US_INDUSTRY_THEME,industry,Metals & Mining,Materials,Metals & Mining,SPY,XLB,,,READY,539,107.760002,1611100.000000,173612139.441681,1.011518,-0.090942,0.052332,-0.099465,0.013488,-0.039222,0.086931,,,-0.099465,0.013488,,,,-0.286956,-8796200.000000,112.053513,113.884468,0.812363,0.000000,35.555556,19.000000,27.000000,33.333333,5.925926,18.703704,-16.574074,17.037037,3.000000,-5.000000,0.009726,0.059580,2,0,2,0,0,WEAKENING,WEAKENING,WEAKENING,12,,0,3,0,,0,3,v1.1
2026-10-05,KBE,CORE,SIGNAL,True,CROSS_SECTIONAL,US,US_INDUSTRY_THEME,industry,Banks,Financials,Banks,SPY,XLF,,,READY,539,64.150002,1886400.000000,121012562.878418,1.063559,-0.069611,-0.061627,-0.078134,-0.100471,-0.000260,-0.026314,,,-0.078134,-0.100471,,,,-0.221113,-9094600.000000,67.820627,64.177405,0.900142,0.000000,33.888889,20.000000,27.000000,29.629630,-19.444444,-16.296296,-16.851852,-27.407407,-7.000000,-5.000000,-0.028014,-0.140743,0,0,0,0,0,WEAKENING,WEAKENING,WEAKENING,1,,0,3,0,,0,3,v1.1
2026-10-05,REZ,CORE,SIGNAL,True,CROSS_SECTIONAL,US,US_INDUSTRY_THEME,industry,Residential & Multisector Real Estate,Real Estate,Residential & Multisector Real Estate,SPY,XLRE,,,READY,539,87.169998,171500.000000,14949654.685974,1.889322,-0.059759,-0.101297,-0.068282,-0.140141,0.006658,-0.014915,,,-0.068282,-0.140141,,,,-0.558834,-734700.000000,93.003589,89.012390,0.882778,0.000000,33.518519,21.000000,27.000000,25.925926,0.555556,-2.962963,-3.518519,-44.629630,0.000000,1.000000,-0.018359,-0.126161,1,0,1,0,0,NEUTRAL,NEUTRAL,NEUTRAL,1,,0,3,0,,0,3,v1.1
2026-10-05,XPH,EXTENDED,SIGNAL,True,CROSS_SECTIONAL,US,US_INDUSTRY_THEME,industry,Pharmaceuticals,Health Care,Pharmaceuticals,SPY,XLV,,,READY,539,63.660000,427100.000000,27189185.934830,2.007447,-0.101932,-0.087785,-0.110455,-0.126629,-0.081871,-0.109499,,,-0.110455,-0.126629,,,,-0.443804,-1557100.000000,69.115101,60.957375,0.860113,0.500000,32.037037,22.000000,27.000000,22.222222,-30.555556,-9.444444,-37.592593,-62.962963,-13.000000,-14.000000,-0.058345,-0.324401,4,0,4,0,0,WEAKENING,WEAKENING,WEAKENING,19,,0,3,0,,0,3,v1.1
2026-10-05,XHB,CORE,SIGNAL,True,CROSS_SECTIONAL,US,US_INDUSTRY_THEME,industry,Homebuilders,Consumer Discretionary,Homebuilders,SPY,XLY,,,READY,539,96.300003,1607900.000000,154840774.906921,0.814967,-0.062097,-0.114903,-0.070619,-0.153747,-0.025139,-0.057600,,,-0.070619,-0.153747,,,,-0.128394,-17198900.000000,102.472704,105.337348,0.801515,0.000000,31.111111,23.000000,27.000000,18.518519,2.222222,9.814815,7.962963,-23.055556,0.000000,3.000000,-0.008422,-0.105729,0,0,0,0,0,NEUTRAL,NEUTRAL,NEUTRAL,7,,0,3,0,,0,3,v1.1
2026-10-05,KIE,CORE,SIGNAL,True,CROSS_SECTIONAL,US,US_INDUSTRY_THEME,industry,Insurance,Financials,Insurance,SPY,XLF,,,READY,539,59.560001,742600.000000,44229257.019806,0.592335,-0.065142,-0.072544,-0.073665,-0.111388,0.004209,-0.037231,,,-0.073665,-0.111388,,,,-0.147369,-6555500.000000,62.716307,59.042277,0.898983,0.500000,29.814815,24.000000,27.000000,14.814815,-4.814815,-34.444444,-36.481481,-51.481481,-5.000000,-15.000000,-0.008099,-0.191629,4,0,4,0,0,WEAKENING,WEAKENING,WEAKENING,5,,0,3,0,,0,3,v1.1
2026-10-05,VNQ,CORE,SIGNAL,True,CROSS_SECTIONAL,US,US_INDUSTRY_THEME,industry,U.S. Real Estate / REITs,Real Estate,U.S. Real Estate / REITs,SPY,XLRE,REET,US_VS_GLOBAL_SECTOR,READY,539,89.150002,4620000.000000,411873007.049561,1.004065,-0.063495,-0.086146,-0.072018,-0.124990,0.002921,0.000235,-0.003236,-0.002151,-0.072018,-0.124990,,,,-0.321021,-60808100.000000,95.206542,92.753492,0.890770,0.000000,28.888889,25.000000,27.000000,11.111111,-4.444444,-15.555556,-19.259259,-15.925926,-5.000000,-9.000000,-0.014100,-0.078834,0,0,0,0,0,WEAKENING,WEAKENING,WEAKENING,4,,0,3,0,,0,3,v1.1
2026-10-05,ITA,CORE,SIGNAL,True,CROSS_SECTIONAL,US,US_INDUSTRY_THEME,industry,Aerospace & Defense,Industrials,Aerospace & Defense,SPY,XLI,,,READY,539,206.979996,765000.000000,158339696.731567,0.855864,-0.081513,-0.154584,-0.090035,-0.193428,-0.054624,-0.089759,,,-0.090035,-0.193428,,,,-0.244278,-8355900.000000,229.963857,230.067010,0.818340,0.000000,19.814815,26.000000,27.000000,7.407407,-1.851852,2.777778,2.407407,-34.444444,1.000000,1.000000,0.007727,-0.130438,0,0,0,0,0,ROTATION_OUT,NEUTRAL,NEUTRAL,2,ROTATION_OUT,1,3,0,,0,3,v1.1
2026-10-05,REM,EXTENDED,SIGNAL,True,CROSS_SECTIONAL,US,US_INDUSTRY_THEME,industry,Mortgage Real Estate,Real Estate,Mortgage Real Estate,SPY,XLRE,,,READY,539,17.600000,1734700.000000,30530720.661736,1.079043,-0.172021,-0.181413,-0.180544,-0.220257,-0.105605,-0.095031,,,-0.180544,-0.220257,,,,-0.509927,-22903800.000000,20.539304,21.067079,0.774107,0.000000,17.222222,27.000000,27.000000,3.703704,-6.296296,-10.925926,-35.740741,-41.851852,-2.000000,-14.000000,-0.062595,-0.201755,0,0,0,0,0,ROTATION_OUT,ROTATION_OUT,ROTATION_OUT,6,,0,3,0,,0,3,v1.1
2026-10-05,IBB,DIAGNOSTIC,CONFIRMATION,False,REFERENCE,US,US_INDUSTRY_THEME,industry,Biotechnology,Health Care,Biotechnology,SPY,XLV,,,READY,539,207.960007,1549400.000000,322213234.402466,0.986705,-0.018633,0.049141,-0.027156,0.010297,0.001428,0.027427,,,-0.027156,0.010297,,,,-0.060843,626800.000000,204.156770,181.191869,0.958569,1.000000,,,,,,,,,,,-0.038024,-0.201069,0,0,0,0,0,REFERENCE,REFERENCE,REFERENCE,1,,0,3,0,,0,3,v1.1
2026-10-05,ITB,DIAGNOSTIC,CONFIRMATION,False,REFERENCE,US,US_INDUSTRY_THEME,industry,Home construction,Consumer Discretionary,Home construction,SPY,XLY,,,READY,539,85.580002,2982800.000000,255268029.461670,1.212221,-0.081007,-0.135850,-0.089530,-0.174694,-0.044049,-0.078547,,,-0.089530,-0.174694,,,,-0.127683,-20480900.000000,93.221426,96.363015,0.762611,0.000000,,,,,,,,,,,-0.020240,-0.140282,0,0,0,0,0,REFERENCE,REFERENCE,REFERENCE,1,,0,3,0,,0,3,v1.1
2026-10-05,IYJ,DIAGNOSTIC,CONFIRMATION,False,REFERENCE,US,US_INDUSTRY_THEME,industry,Broad U.S. Industrials,Industrials,Broad U.S. Industrials,SPY,XLI,,,READY,539,156.600006,63500.000000,9944100.387573,0.512881,-0.026063,-0.045555,-0.034586,-0.084399,0.000826,0.019270,,,-0.034586,-0.084399,,,,-0.061012,-1303200.000000,161.468860,157.302896,0.923709,0.000000,,,,,,,,,,,0.007918,-0.063715,0,0,0,0,0,REFERENCE,REFERENCE,REFERENCE,1,,0,3,0,,0,3,v1.1
2026-10-05,IYK,DIAGNOSTIC,CONFIRMATION,False,REFERENCE,US,US_INDUSTRY_THEME,industry,Broad U.S. Consumer Staples,Consumer Staples,Broad U.S. Consumer Staples,SPY,XLP,,,READY,539,71.620003,182200.000000,13049164.500427,0.456203,-0.032588,-0.040192,-0.041111,-0.079036,0.002964,-0.001458,,,-0.041111,-0.079036,,,,-0.419766,-3055600.000000,73.656403,71.502487,0.935140,0.500000,,,,,,,,,,,-0.004842,-0.073860,0,0,0,0,0,REFERENCE,REFERENCE,REFERENCE,1,,0,3,0,,0,3,v1.1
2026-10-05,IYW,DIAGNOSTIC,CONFIRMATION,False,REFERENCE,US,US_INDUSTRY_THEME,industry,Broad U.S. Technology,Information Technology,Broad U.S. Technology,SPY,XLK,,,READY,539,271.630005,461200.000000,125275758.251953,0.848012,0.072532,0.116750,0.064009,0.077906,-0.001606,-0.005945,,,0.064009,0.077906,,,,0.137488,915500.000000,252.592068,223.969682,1.000000,1.000000,,,,,,,,,,,0.012171,0.074553,0,0,0,0,0,REFERENCE,REFERENCE,REFERENCE,1,,0,3,0,,0,3,v1.1
2026-10-05,SOXX,DIAGNOSTIC,CONFIRMATION,False,REFERENCE,US,US_INDUSTRY_THEME,industry,Semiconductors,Information Technology,Semiconductors,SPY,XLK,,,READY,539,589.510010,4188400.000000,2469103724.902344,0.676147,0.134720,0.069252,0.126197,0.030408,0.060582,-0.053443,,,0.126197,0.030408,,,,0.134451,63884800.000000,530.773048,456.172116,0.900590,1.000000,,,,,,,,,,,0.020515,0.113781,0,0,0,0,0,REFERENCE,REFERENCE,REFERENCE,1,,0,3,0,,0,3,v1.1
2026-10-05,XAR,DIAGNOSTIC,CONFIRMATION,False,REFERENCE,US,US_INDUSTRY_THEME,industry,Aerospace & Defense equal-ish weight,Industrials,Aerospace & Defense equal-ish weight,SPY,XLI,,,READY,539,231.279999,315100.000000,72876327.615356,0.955187,-0.085069,-0.171573,-0.093591,-0.210417,-0.058180,-0.106748,,,-0.093591,-0.210417,,,,-0.253649,-3201700.000000,259.927088,267.311471,0.779848,0.000000,,,,,,,,,,,0.008965,-0.091583,0,0,0,0,0,REFERENCE,REFERENCE,REFERENCE,1,,0,3,0,,0,3,v1.1
2026-10-05,QQQ,CORE,SIGNAL,True,CROSS_SECTIONAL,MIXED_US_LISTED,US_MARKET_BREADTH,growth,Nasdaq-100,,,SPY,,,,READY,539,756.200012,25536400.000000,19310625991.723633,0.789853,0.052893,0.067037,0.044370,0.028193,,,,,0.044370,0.028193,,,,0.153380,165528600.000000,717.678995,667.970901,1.000000,1.000000,86.666667,1.000000,3.000000,100.000000,-13.333333,-13.333333,8.333333,21.666667,0.000000,0.000000,0.012853,0.054303,15,14,15,14,0,PERSISTENT_LEADER,PERSISTENT_LEADER,PERSISTENT_LEADER,1,,0,3,0,,0,3,v1.1
2026-10-05,MDY,CORE,SIGNAL,True,CROSS_SECTIONAL,US,US_MARKET_BREADTH,size,S&P MidCap 400,,,ITOT,,,,READY,539,672.270020,1159600.000000,779564314.648438,1.656688,-0.025502,-0.020687,-0.030849,-0.053722,,,,,-0.030849,-0.053722,,,,-0.180086,-479300.000000,685.142177,658.652683,0.939985,0.500000,71.666667,2.000000,3.000000,66.666667,6.666667,11.666667,21.666667,5.000000,0.000000,1.000000,0.003211,-0.033489,0,0,0,0,0,NEUTRAL,NEUTRAL,NEUTRAL,10,,0,3,0,,0,3,v1.1
2026-10-05,IWM,CORE,SIGNAL,True,CROSS_SECTIONAL,US,US_MARKET_BREADTH,size,Russell 2000 small caps,,,ITOT,,,,READY,539,283.380005,22692800.000000,6430685774.804688,0.914853,-0.040167,-0.040750,-0.045514,-0.073785,,,,,-0.045514,-0.073785,,,,-0.262328,-90517800.000000,291.879842,275.301910,0.931267,0.500000,41.666667,3.000000,3.000000,33.333333,6.666667,1.666667,-30.000000,-31.666667,0.000000,-1.000000,-0.001116,-0.079390,6,0,6,0,0,WEAKENING,WEAKENING,WEAKENING,11,,0,3,0,,0,3,v1.1
2026-10-05,DIA,EXTENDED,CONFIRMATION,False,REFERENCE,US,US_MARKET_BREADTH,broad,Dow Jones Industrial Average,,,SPY,,,,READY,539,512.109985,3219900.000000,1648942941.833496,0.917351,-0.038926,-0.027606,-0.047449,-0.066450,,,,,-0.047449,-0.066450,,,,-0.127855,-19346900.000000,525.476983,499.794433,0.946401,0.500000,,,,,,,,,,,-0.012731,-0.071366,0,0,0,0,0,REFERENCE,REFERENCE,REFERENCE,1,,0,3,0,,0,3,v1.1
2026-10-05,IJR,EXTENDED,CONFIRMATION,False,REFERENCE,US,US_MARKET_BREADTH,size,S&P SmallCap 600,,,ITOT,,,,READY,539,139.020004,4477000.000000,622392559.127808,1.240143,-0.040025,-0.040355,-0.045372,-0.073390,,,,,-0.045372,-0.073390,,,,-0.268248,-17695000.000000,143.592268,135.034893,0.927431,0.500000,,,,,,,,,,,0.001294,-0.084338,0,0,0,0,0,REFERENCE,REFERENCE,REFERENCE,1,,0,3,0,,0,3,v1.1
2026-10-05,ITOT,CORE,BENCHMARK,False,REFERENCE,US,US_MARKET_BREADTH,broad,Total U.S. equity market,,,,,ACWX,US_VS_EXUS_BROAD,READY,539,169.080002,1022900.000000,172951933.872986,0.662258,0.005347,0.033035,,,,,0.031334,0.015467,,,,,,-0.035223,-1165900.000000,166.967201,157.043207,0.993214,1.000000,,,,,,,,,,,,,0,0,0,0,0,REFERENCE,REFERENCE,REFERENCE,1,,0,3,0,,0,3,v1.1
2026-10-05,IWB,EXTENDED,CONFIRMATION,False,REFERENCE,US,US_MARKET_BREADTH,broad,Russell 1000,,,ITOT,,,,READY,539,423.329987,636500.000000,269449536.453247,1.253437,0.006776,0.035747,0.001429,0.002713,,,,,0.001429,0.002713,,,,-0.054755,-1028300.000000,417.398769,392.913913,0.996047,1.000000,,,,,,,,,,,0.000972,0.002534,0,0,0,0,0,REFERENCE,REFERENCE,REFERENCE,1,,0,3,0,,0,3,v1.1
2026-10-05,RSP,CORE,SIGNAL,True,PAIR,US,US_MARKET_BREADTH,breadth,S&P 500 equal weight,,,SPY,,SPY,EQUAL_WEIGHT_VS_CAP_WEIGHT,READY,539,211.119995,5798300.000000,1224137067.687988,0.811043,-0.032358,-0.013116,-0.040881,-0.051960,,,-0.040881,-0.051960,-0.040881,-0.051960,PAIR_LAGGING,PAIR_LAGGING,PAIR_LAGGING,-0.199090,-13922700.000000,215.980793,204.344639,0.951266,0.500000,19.995769,,,,-8.316591,-3.244901,-28.968358,-25.951992,,,0.002774,-0.062842,0,0,0,0,0,ROTATION_OUT,WEAKENING,WEAKENING,4,ROTATION_OUT,1,3,17,,0,3,v1.1
2026-10-05,SPY,CORE,BENCHMARK,False,REFERENCE,US,US_MARKET_BREADTH,broad,U.S. large cap,,,ITOT,,,,READY,539,774.830017,44789900.000000,34704558982.452393,0.975105,0.008523,0.038844,0.003176,0.005809,,,,,0.003176,0.005809,,,,-0.030268,-158591400.000000,762.983254,717.555387,0.998553,1.000000,,,,,,,,,,,-0.000750,0.006744,0,0,0,0,0,REFERENCE,REFERENCE,REFERENCE,1,,0,3,0,,0,3,v1.1
2026-10-05,XLK,CORE,SIGNAL,True,CROSS_SECTIONAL,US,US_SECTOR,sector,Information Technology,Information Technology,,SPY,,IXN,US_VS_GLOBAL_SECTOR,READY,539,200.929993,6587400.000000,1323606233.752441,0.929047,0.074137,0.122695,0.065615,0.083851,,,0.004588,-0.002434,0.065615,0.083851,,,,0.125597,51135000.000000,186.635831,164.877475,1.000000,1.000000,88.636364,1.000000,11.000000,100.000000,0.454545,-0.454545,23.181818,35.454545,0.000000,3.000000,0.014396,0.090844,17,7,17,7,0,PERSISTENT_LEADER,PERSISTENT_LEADER,PERSISTENT_LEADER,1,,0,3,0,,0,3,v1.1
2026-10-05,XLE,CORE,SIGNAL,True,CROSS_SECTIONAL,US,US_SECTOR,sector,Energy,Energy,,SPY,,IXC,US_VS_GLOBAL_SECTOR,READY,539,63.450001,29430100.000000,1867339867.453384,0.848295,-0.003635,0.168140,-0.012157,0.129296,,,-0.003464,0.014901,-0.012157,0.129296,,,,-0.083242,32744700.000000,61.905110,55.980369,0.968105,1.000000,77.272727,2.000000,11.000000,90.909091,-2.272727,-10.909091,-18.636364,33.636364,0.000000,-1.000000,-0.011183,0.057427,18,3,18,3,0,WEAKENING,WEAKENING,WEAKENING,3,,0,3,0,,0,3,v1.1
2026-10-05,XLC,CORE,SIGNAL,True,CROSS_SECTIONAL,US,US_SECTOR,sector,Communication Services,Communication Services,,SPY,,IXP,US_VS_GLOBAL_SECTOR,READY,539,111.610001,6240400.000000,696491047.808838,1.017215,-0.000466,0.008628,-0.008988,-0.030216,,,-0.005622,-0.011359,-0.008988,-0.030216,,,,-0.145922,-22041100.000000,111.306054,113.100558,0.937937,0.000000,69.090909,3.000000,11.000000,81.818182,10.000000,-14.318182,29.545455,37.272727,1.000000,4.000000,0.001398,0.010895,11,1,11,1,2,NEUTRAL,EMERGING,EMERGING,16,NEUTRAL,2,3,0,,0,3,v1.1
2026-10-05,XLV,CORE,SIGNAL,True,CROSS_SECTIONAL,US,US_SECTOR,sector,Health Care,Health Care,,SPY,,IXJ,US_VS_GLOBAL_SECTOR,READY,539,167.369995,7301100.000000,1221985071.350098,0.890675,-0.020061,0.021713,-0.028584,-0.017131,,,0.012637,0.023091,-0.028584,-0.017131,,,,-0.153661,-32711400.000000,168.126604,155.579743,0.956344,0.500000,65.909091,4.000000,11.000000,72.727273,-8.181818,-5.454545,-14.090909,-28.181818,-1.000000,-2.000000,-0.035387,-0.095642,13,0,13,0,1,WEAKENING,WEAKENING,WEAKENING,1,,0,3,0,,0,3,v1.1
2026-10-05,XLB,CORE,SIGNAL,True,CROSS_SECTIONAL,US,US_SECTOR,sector,Materials,Materials,,SPY,,MXI,US_VS_GLOBAL_SECTOR,READY,539,49.500000,13539600.000000,670210200.000000,1.140380,-0.051720,-0.034599,-0.060243,-0.073443,,,0.004920,-0.056491,-0.060243,-0.073443,,,,-0.175079,-84222500.000000,51.335241,50.265723,0.926547,0.000000,50.000000,5.000000,11.000000,63.636364,21.363636,32.272727,-8.181818,-5.000000,5.000000,1.000000,0.002849,-0.066121,0,0,0,0,4,NEUTRAL,WEAKENING,WEAKENING,19,NEUTRAL,1,3,0,,0,3,v1.1
2026-10-05,XLI,CORE,SIGNAL,True,CROSS_SECTIONAL,US,US_SECTOR,sector,Industrials,Industrials,,SPY,,EXI,US_VS_GLOBAL_SECTOR,READY,539,170.100006,6406200.000000,1089694659.100342,0.861848,-0.026889,-0.064825,-0.035412,-0.103669,,,0.000469,-0.029500,-0.035412,-0.103669,,,,-0.072235,-6102400.000000,176.216347,171.558593,0.914467,0.000000,46.818182,6.000000,11.000000,54.545455,5.000000,12.727273,17.272727,-17.727273,2.000000,4.000000,0.006832,-0.065458,0,0,0,0,1,NEUTRAL,NEUTRAL,NEUTRAL,9,,0,3,0,,0,3,v1.1
2026-10-05,XLY,CORE,SIGNAL,True,CROSS_SECTIONAL,US,US_SECTOR,sector,Consumer Discretionary,Consumer Discretionary,,SPY,,RXI,US_VS_GLOBAL_SECTOR,READY,539,110.419998,7061400.000000,779719775.070190,1.030533,-0.036958,-0.057303,-0.045480,-0.096147,,,0.014666,-0.007954,-0.045480,-0.096147,,,,-0.220535,-34209400.000000,114.208263,115.852964,0.892278,0.000000,41.363636,7.000000,11.000000,45.454545,17.272727,13.181818,10.000000,-20.909091,4.000000,2.000000,0.020127,-0.051631,0,0,0,0,0,NEUTRAL,NEUTRAL,NEUTRAL,2,,0,3,0,,0,3,v1.1
2026-10-05,XLP,CORE,SIGNAL,True,CROSS_SECTIONAL,US,US_SECTOR,sector,Consumer Staples,Consumer Staples,,SPY,,KXI,US_VS_GLOBAL_SECTOR,READY,539,81.040001,9172600.000000,743347512.397766,0.821368,-0.035552,-0.038735,-0.044075,-0.077579,,,0.008651,0.015711,-0.044075,-0.077579,,,,-0.169097,-38473600.000000,83.889527,82.700680,0.917691,0.000000,39.545455,8.000000,11.000000,36.363636,-12.727273,4.545455,-25.000000,-20.909091,-2.000000,-3.000000,-0.015700,-0.051330,0,0,0,0,0,WEAKENING,WEAKENING,WEAKENING,12,,0,3,0,,0,3,v1.1
2026-10-05,XLRE,CORE,SIGNAL,True,CROSS_SECTIONAL,US,US_SECTOR,sector,Real Estate,Real Estate,,SPY,,REET,US_VS_GLOBAL_SECTOR,READY,539,40.669998,9105800.000000,370332869.326782,1.434706,-0.066416,-0.086382,-0.074939,-0.125226,,,-0.006157,-0.002386,-0.074939,-0.125226,,,,-0.323991,-82487300.000000,43.521218,42.531844,0.891379,0.000000,31.363636,9.000000,11.000000,22.727273,-11.818182,-7.272727,1.818182,-10.454545,-2.000000,2.000000,-0.014785,-0.069667,0,0,0,0,1,NEUTRAL,WEAKENING,WEAKENING,38,NEUTRAL,1,3,0,,0,3,v1.1
2026-10-05,XLU,CORE,SIGNAL,True,CROSS_SECTIONAL,US,US_SECTOR,sector,Utilities,Utilities,,SPY,,JXI,US_VS_GLOBAL_SECTOR,READY,539,39.970001,38309900.000000,1531246749.765015,1.240757,-0.065369,-0.118952,-0.073892,-0.157796,,,-0.016135,-0.028075,-0.073892,-0.157796,,,,-0.220647,-21482700.000000,42.307483,43.778364,0.854898,0.000000,31.363636,9.000000,11.000000,22.727273,0.454545,-5.454545,-6.363636,-25.454545,0.000000,-1.000000,-0.001594,-0.088418,0,0,0,0,0,NEUTRAL,NEUTRAL,NEUTRAL,24,,0,3,0,,0,3,v1.1
2026-10-05,XLF,CORE,SIGNAL,True,CROSS_SECTIONAL,US,US_SECTOR,sector,Financials,Financials,,SPY,,IXG,US_VS_GLOBAL_SECTOR,READY,539,53.880001,28792700.000000,1551350706.753922,0.737609,-0.069351,-0.035313,-0.077874,-0.074157,,,-0.001950,-0.018060,-0.077874,-0.074157,,,,-0.188965,-372713100.000000,56.604328,53.325250,0.923338,0.500000,28.636364,11.000000,11.000000,9.090909,-24.545455,-36.363636,-44.545455,-37.727273,-6.000000,-8.000000,-0.016267,-0.142002,1,0,1,0,0,WEAKENING,WEAKENING,WEAKENING,8,,0,3,0,,0,3,v1.1
2026-10-05,IWD,CORE,SIGNAL,True,PAIR,US,US_STYLE_FACTOR,style,U.S. large-cap value,,,IWB,,IWF,VALUE_VS_GROWTH,READY,539,250.360001,1488300.000000,372610788.908386,0.861120,-0.024667,0.014269,-0.031443,-0.021478,,,-0.065632,-0.044367,-0.065632,-0.044367,PAIR_LAGGING,PAIR_LAGGING,PAIR_LAGGING,-0.169098,-10615200.000000,253.896764,232.727434,0.968753,0.500000,20.335396,,,,-6.403989,-26.759239,-40.275658,-34.919920,,,-0.016241,-0.130761,0,0,0,0,0,ROTATION_OUT,WEAKENING,WEAKENING,27,ROTATION_OUT,2,3,1,,0,3,v1.1
2026-10-05,IWF,CORE,SIGNAL,True,PAIR,US,US_STYLE_FACTOR,style,U.S. large-cap growth,,,IWB,,IWD,GROWTH_VS_VALUE,READY,539,128.350006,7319900.000000,939509209.677124,1.899375,0.040965,0.058636,0.034189,0.022889,,,0.065632,0.044367,0.065632,0.044367,PAIR_LEADING,PAIR_LEADING,PAIR_LEADING,0.053722,18094800.000000,122.858982,118.788013,0.998514,1.000000,87.560392,,,,16.532447,15.591934,52.654900,70.024154,,,0.016241,0.130761,2,1,2,1,1,EMERGING,EMERGING,EMERGING,11,,0,3,1,,0,3,v1.1
2026-10-05,MTUM,DIAGNOSTIC,CONFIRMATION,False,REFERENCE,US,US_STYLE_FACTOR,factor,U.S. momentum factor,,,ITOT,,,,READY,539,323.140015,858700.000000,277480330.578613,0.523138,0.062099,0.036332,0.056752,0.003297,,,,,0.056752,0.003297,,,,0.444676,22750500.000000,307.336259,284.586273,0.937928,1.000000,,,,,,,,,,,-0.004672,0.055331,0,0,0,0,0,REFERENCE,REFERENCE,REFERENCE,1,,0,3,0,,0,3,v1.1
2026-10-05,QUAL,DIAGNOSTIC,CONFIRMATION,False,REFERENCE,US,US_STYLE_FACTOR,factor,U.S. quality factor,,,ITOT,,,,READY,539,225.880005,837300.000000,189129328.088379,0.791921,0.017011,0.039618,0.011665,0.006583,,,,,0.011665,0.006583,,,,-0.036379,1413000.000000,222.078062,209.504465,0.996419,1.000000,,,,,,,,,,,0.006556,0.008311,0,0,0,0,0,REFERENCE,REFERENCE,REFERENCE,1,,0,3,0,,0,3,v1.1
2026-10-05,SCHD,DIAGNOSTIC,CONFIRMATION,False,REFERENCE,US,US_STYLE_FACTOR,factor,U.S. dividend quality/value,,,ITOT,,,,READY,539,32.720001,24348700.000000,796689493.722534,1.023029,-0.052270,0.013552,-0.057617,-0.019482,,,,,-0.057617,-0.019482,,,,-0.314839,-81477900.000000,33.819470,31.268730,0.936694,0.500000,,,,,,,,,,,-0.017323,-0.057583,0,0,0,0,0,REFERENCE,REFERENCE,REFERENCE,1,,0,3,0,,0,3,v1.1
2026-10-05,USMV,DIAGNOSTIC,CONFIRMATION,False,REFERENCE,US,US_STYLE_FACTOR,factor,U.S. minimum volatility,,,ITOT,,,,READY,539,98.980003,1628900.000000,161228527.468109,0.927540,-0.014831,0.009711,-0.020177,-0.023324,,,,,-0.020177,-0.023324,,,,-0.163053,-10897500.000000,99.502992,95.715439,0.973770,0.500000,,,,,,,,,,,0.008286,-0.032699,0,0,0,0,0,REFERENCE,REFERENCE,REFERENCE,1,,0,3,0,,0,3,v1.1
