prediction_id,recorded_at_utc,anchor_date,ticker,horizon_bars,horizon_label,outcome_end_date,fwd_return,fwd_spy_relative_return,fwd_max_drawdown,fwd_spy_rel_mae,fwd_spy_rel_mfe,beat_spy
09c11efaa64bc62607206680,2026-10-01T01:18:50.357421+00:00,2026-08-31,AAXJ,21,1M,2026-09-30,0.0004282105417503512,-8.149977892057958e-05,-0.047431806303498414,-0.012313016070495508,0.02522842434644157,False
5d10a8a1e255d1557c8ee01b,2026-10-01T01:18:50.357421+00:00,2026-08-31,ACWI,21,1M,2026-09-30,-0.008152805174845512,-0.008658143535363427,-0.02673830903899954,-0.008658143535363427,0.004227683953642591,False
db92321486f2d83874e772b1,2026-10-01T01:18:50.357421+00:00,2026-08-31,ACWX,21,1M,2026-09-30,-0.019379864293379567,-0.019879482555400507,-0.03515926288191673,-0.019879482555400507,0.012291134230157708,False
2ea8ccccb5e99cb4ce6e4f32,2026-10-01T01:18:50.357421+00:00,2026-08-31,AFK,21,1M,2026-09-30,-0.05460167559786566,-0.05508334862349151,-0.08049433837905828,-0.05508334862349151,0.029622425762289017,False
89b6d9255b93ef84db36046d,2026-10-01T01:18:50.357421+00:00,2026-08-31,ARGT,21,1M,2026-09-30,-0.08852461958331159,-0.08898900913524588,-0.1204290166676939,-0.08898900913524588,0.037988555650795064,False
4841ede9bb109fb48e5bd95d,2026-10-01T01:18:50.357421+00:00,2026-08-31,ASEA,21,1M,2026-09-30,-0.030975459397237226,-0.03146916979456915,-0.047272727272727244,-0.03146916979456915,0.01855327804206497,False
6396474962bfc489acd7d368,2026-10-01T01:18:50.357421+00:00,2026-08-31,CARZ,21,1M,2026-09-30,0.014187726115704846,0.013671005429850558,-0.039040755773851576,-0.01702737460726733,0.028308021887127888,True
a4387c4561da9da8aeb71d59,2026-10-01T01:18:50.357421+00:00,2026-08-31,CIBR,21,1M,2026-09-30,0.03556957375174852,0.035041959182354976,-0.06600100468655656,-0.06369396444209152,0.035041959182354976,True
660b62b3d99bd6e2b437a601,2026-10-01T01:18:50.357421+00:00,2026-08-31,CORO,21,1M,2026-09-30,-0.0191581583103424,-0.019657889529821393,-0.033031477043835356,-0.019657889529821393,0.009259230124471163,False
62959923b168c639639db067,2026-10-01T01:18:50.357421+00:00,2026-08-31,CPER,21,1M,2026-09-30,-0.005499999999999949,-0.006006689943931942,-0.06796591881562064,-0.035743743820300544,0.03250917115680663,False
3fc422733bd10e9edc3c76b9,2026-10-01T01:18:50.357421+00:00,2026-08-31,CQQQ,21,1M,2026-09-30,-0.0472120353777854,-0.04769747336710006,-0.08078960663437496,-0.07964696730379517,0.0,False
57fa50c67f7e69987102a56d,2026-10-01T01:18:50.357421+00:00,2026-08-31,DBEF,21,1M,2026-09-30,-0.014172975505524321,-0.014675246636512429,-0.027336118646147156,-0.015941713511818834,0.0016792075737612766,False
f0ae597fe8879197084560be,2026-10-01T01:18:50.357421+00:00,2026-08-31,DEM,21,1M,2026-09-30,0.007762476071245805,0.007249028999855911,-0.024868622025336573,0.0,0.0274362189935895,True
9a3518a94345acfbc5d7b29c,2026-10-01T01:18:50.357421+00:00,2026-08-31,DGS,21,1M,2026-09-30,-0.005068657123115661,-0.00557556683285787,-0.036940500687778655,-0.013198373271017916,0.016117873461224397,False
05db69fa9588d8bbd241d9ce,2026-10-01T01:18:50.357421+00:00,2026-08-31,DIA,21,1M,2026-09-30,-0.037923609716182693,-0.03841378008546492,-0.04752767808791114,-0.03841378008546492,0.0020880019967444152,False
2bbdb5a9b7b6d27e85590ffe,2026-10-01T01:18:50.357421+00:00,2026-08-31,DXJ,21,1M,2026-09-30,0.014372329782406768,0.013855515042433098,-0.03791277950728722,-0.029134804569916795,0.013855515042433098,True
ca4daf163060606e22b5b49b,2026-10-01T01:18:50.357421+00:00,2026-08-31,ECH,21,1M,2026-09-30,-0.06641975308641968,-0.06689540489432788,-0.07960081999272717,-0.06689540489432788,0.015764437018574995,False
d298b2ec006c09bc3d88388f,2026-10-01T01:18:50.357421+00:00,2026-08-31,EDEN,21,1M,2026-09-30,-0.0688230158665134,-0.06929744323089881,-0.08809782589315052,-0.06929744323089881,0.01305413013148038,False
149ae26a3a110ad342842c1d,2026-10-01T01:18:50.357421+00:00,2026-08-31,EEM,21,1M,2026-09-30,-0.0017904602965809202,-0.0022990402218748818,-0.045183793805282146,-0.007384111504474489,0.028468398904077263,False
7d7a18ec5674f6d65b986484,2026-10-01T01:18:50.357421+00:00,2026-08-31,EEMO,21,1M,2026-09-30,0.013459376370673404,0.012943026773297284,-0.06749781951997214,-0.011889537036972708,0.05508852958845489,True
9e910f357081e8be104aae8d,2026-10-01T01:18:50.357421+00:00,2026-08-31,EEMV,21,1M,2026-09-30,-0.021006769588059138,-0.021505558954602377,-0.036034898498884305,-0.021505558954602377,0.0126123193841583,False
7d8dd2ff4ff8e232c7412329,2026-10-01T01:18:50.357421+00:00,2026-08-31,EFA,21,1M,2026-09-30,-0.028199134800364067,-0.028694259713286208,-0.03627132929826271,-0.030028047612398745,0.004312241735640487,False
4d27cee2f5b0805b343779da,2026-10-01T01:18:50.357421+00:00,2026-08-31,EFAV,21,1M,2026-09-30,-0.025711885634957743,-0.026208277781806677,-0.038356466849656545,-0.026521967178937067,0.01200108113166709,False
2969ee10cba6c8e8b9b0c840,2026-10-01T01:18:50.357421+00:00,2026-08-31,EFG,21,1M,2026-09-30,-0.03593823244995398,-0.03642941435336966,-0.04086715248951034,-0.03905056077790736,0.0,False
04c81fbab46a78d2e8c8b518,2026-10-01T01:18:50.357421+00:00,2026-08-31,EFNL,21,1M,2026-09-30,-0.02519165407171242,-0.025688311272459408,-0.04846755138370806,-0.025688311272459408,0.028689477110643624,False
0568207a9dbe050259a1bee7,2026-10-01T01:18:50.357421+00:00,2026-08-31,EFV,21,1M,2026-09-30,-0.032636568124592036,-0.03312943220006581,-0.04742419046964863,-0.03312943220006581,0.01064982878946985,False
7c377311b23542238772c16e,2026-10-01T01:18:50.357421+00:00,2026-08-31,EIDO,21,1M,2026-09-30,-0.07855456230917146,-0.07902403152702964,-0.11270803607658963,-0.07902403152702964,0.03996960985985698,False
36c74de9d6d962d78f90333d,2026-10-01T01:18:50.357421+00:00,2026-08-31,EIRL,21,1M,2026-09-30,-0.012148471202229505,-0.01265177380226945,-0.03862921054324597,-0.019795193967471203,0.02387467648814945,False
ab7d7c07235571ef3c9924c9,2026-10-01T01:18:50.357421+00:00,2026-08-31,EIS,21,1M,2026-09-30,-0.012052141815778517,-0.012555493494884606,-0.04943976642802117,-0.012555493494884606,0.028112468364824394,False
5e0a9a39f9005a65179647f2,2026-10-01T01:18:50.357421+00:00,2026-08-31,EMXC,21,1M,2026-09-30,0.00855051053029654,0.008036661961535074,-0.04801177675904378,-0.0029735309144377498,0.04061208566908858,True
fa5b1ee83ec697d8b967af2c,2026-10-01T01:18:50.357421+00:00,2026-08-31,ENOR,21,1M,2026-09-30,-0.04878052713945058,-0.04926516599452413,-0.07069103588572634,-0.04926516599452413,0.029820094587740487,False
4fca9fbff25f6751fbe7ed8d,2026-10-01T01:18:50.357421+00:00,2026-08-31,ENZL,21,1M,2026-09-30,-0.06213630503436196,-0.06261413922543069,-0.07211133589004726,-0.07095790889480924,0.0,False
b2a1230f54cc3fd0d4ff7c82,2026-10-01T01:18:50.357421+00:00,2026-08-31,EPHE,21,1M,2026-09-30,-0.042526315789473745,-0.04301414111613944,-0.06803277231486549,-0.04301414111613944,0.031516345563127324,False
fe8ca001101308ee16120294,2026-10-01T01:18:50.357421+00:00,2026-08-31,EPOL,21,1M,2026-09-30,0.0036281526397965447,0.003116811973743694,-0.03474650810552349,-0.0003884842689088064,0.03917946334639466,True
01427623376e8db6809847cb,2026-10-01T01:18:50.357421+00:00,2026-08-31,EPP,21,1M,2026-09-30,-0.04775914296249417,-0.04824430220478915,-0.05608918147261055,-0.05060692499580999,0.0047120782161387265,False
413488c5e61c9e4f750a4abc,2026-10-01T01:18:50.357421+00:00,2026-08-31,EPU,21,1M,2026-09-30,-0.0334206819592312,-0.033913146534861105,-0.051446976363923924,-0.033913146534861105,0.023900348880022237,False
7c2d5a05fad5a2c4699af247,2026-10-01T01:18:50.357421+00:00,2026-08-31,EWA,21,1M,2026-09-30,-0.05696203969648639,-0.05744251013513069,-0.06783013883324662,-0.06057684284573184,0.0036511325181984855,False
82cb43eaa2d253d5ec6c4d6c,2026-10-01T01:18:50.357421+00:00,2026-08-31,EWC,21,1M,2026-09-30,-0.04965001286055348,-0.050134208719476936,-0.06547144454589293,-0.050134208719476936,0.008880357459644994,False
9f2aeb5af4ebb9611e44bb1d,2026-10-01T01:18:50.357421+00:00,2026-08-31,EWD,21,1M,2026-09-30,-0.06403294995661413,-0.0645098178219824,-0.06403294995661413,-0.0645098178219824,0.0,False
5534bf6ffaac4e6ee6e3dc1f,2026-10-01T01:18:50.357421+00:00,2026-08-31,EWG,21,1M,2026-09-30,-0.06601852978650713,-0.06649438601453728,-0.06601852978650713,-0.06649438601453728,0.0,False
41d548fe3e5dce78a113e210,2026-10-01T01:18:50.357421+00:00,2026-08-31,EWH,21,1M,2026-09-30,-0.03491924280839653,-0.035410943879036316,-0.04698278996096694,-0.036181695848104156,0.00852969105052126,False
f190f0189967cb1fd96dafc7,2026-10-01T01:18:50.357421+00:00,2026-08-31,EWI,21,1M,2026-09-30,-0.05427101550330238,-0.05475285699765087,-0.05427101550330238,-0.05475285699765087,0.0,False
bbcc827a3beaa8b45f1d3d4b,2026-10-01T01:18:50.357421+00:00,2026-08-31,EWJ,21,1M,2026-09-30,0.019920763467835334,0.019401121844450087,-0.03006682787412218,-0.0033742368487862384,0.03166375783285935,True
c0c7fdd210d5b4b98a049f91,2026-10-01T01:18:50.357421+00:00,2026-08-31,EWL,21,1M,2026-09-30,-0.05342992480612008,-0.053912194829576765,-0.06371714555866548,-0.053912194829576765,0.003906730536044956,False
ecfbb10cf6f5404c1083de86,2026-10-01T01:18:50.357421+00:00,2026-08-31,EWM,21,1M,2026-09-30,-0.03557588627552788,-0.03606725279147538,-0.04015496351381054,-0.03896181263359122,0.0,False
d52a25f99eec27cf4ca83b3e,2026-10-01T01:18:50.357421+00:00,2026-08-31,EWN,21,1M,2026-09-30,-0.008343086905303387,-0.008848328318773135,-0.044162180951971,-0.01878009579508577,0.01564113914892107,False
96377d53d0ace754782c28e8,2026-10-01T01:18:50.357421+00:00,2026-08-31,EWO,21,1M,2026-09-30,-0.02815624181992593,-0.02865138858648486,-0.04634583374805146,-0.02865138858648486,0.021819062847816983,False
88925e2a2c33a06c27df5164,2026-10-01T01:18:50.357421+00:00,2026-08-31,EWP,21,1M,2026-09-30,-0.055448741046007166,-0.055929982498435726,-0.060717131474103625,-0.055929982498435726,0.0015091127796293957,False
fecbc51e6aaec436a4dcd33b,2026-10-01T01:18:50.357421+00:00,2026-08-31,EWQ,21,1M,2026-09-30,-0.07108592601317387,-0.07155920044260178,-0.07108592601317387,-0.07155920044260178,0.0,False
eb445a65eb02047849c3b328,2026-10-01T01:18:50.357421+00:00,2026-08-31,EWS,21,1M,2026-09-30,-0.03424051014461693,-0.03473255702422118,-0.05351456437525137,-0.040034095899013966,0.007581524915347471,False
4e1c97658afd335959ca1a41,2026-10-01T01:18:50.357421+00:00,2026-08-31,EWT,21,1M,2026-09-30,0.04508008215988646,0.04454762206110896,-0.049117508657880116,0.0,0.058887821183799316,True
1d8360d4387078885deef3b3,2026-10-01T01:18:50.357421+00:00,2026-08-31,EWU,21,1M,2026-09-30,-0.0366838737041012,-0.03717467570915056,-0.04281841191677582,-0.03717467570915056,0.003170877925410931,False
7b95dd59ea6f0ba8109aa4f2,2026-10-01T01:18:50.357421+00:00,2026-08-31,EWW,21,1M,2026-09-30,-0.07520856528800557,-0.07567973926508265,-0.07821230512185406,-0.07567973926508265,0.003214013337886179,False
416aa15b8c93ebd8fc1c4165,2026-10-01T01:18:50.357421+00:00,2026-08-31,EWY,21,1M,2026-09-30,0.014873379302059453,0.014356309281288393,-0.0798826165776132,-0.021253030702261255,0.061282662677870636,True
605bf03df7da2344daab6650,2026-10-01T01:18:50.357421+00:00,2026-08-31,EWZ,21,1M,2026-09-30,0.043297287636865356,0.04276573585790411,-0.062160100697731036,0.0,0.08323993819524667,True
d18c66dcf29fce9ad9794a9f,2026-10-01T01:18:50.357421+00:00,2026-08-31,EXI,21,1M,2026-09-30,-0.04317493892820201,-0.04366243378646972,-0.04317493892820201,-0.04366243378646972,0.0,False
42fa62f23d50ff3d40c7dae0,2026-10-01T01:18:50.357421+00:00,2026-08-31,EZA,21,1M,2026-09-30,-0.08723404255319156,-0.08769908964399276,-0.10401002125543801,-0.08769908964399276,0.01765849075724435,False
ad0e7cdb06971c05d1d49b19,2026-10-01T01:18:50.357421+00:00,2026-08-31,EZU,21,1M,2026-09-30,-0.03349416853729048,-0.03398659567208573,-0.03377799154616301,-0.03712541288194393,0.0001439388729440605,False
ed4fd6a5a1261fb153f795bd,2026-10-01T01:18:50.357421+00:00,2026-08-31,FDN,21,1M,2026-09-30,-0.013812405105342984,-0.014314859944119851,-0.03712319118971874,-0.0233571977976178,0.008867307816561087,False
17d46afeda7e725026c00c5f,2026-10-01T01:18:50.357421+00:00,2026-08-31,FEZ,21,1M,2026-09-30,-0.04828107546227234,-0.048765968784055036,-0.04828107546227234,-0.048765968784055036,0.0,False
a14a3ca6e9befd25a913c1ea,2026-10-01T01:18:50.357421+00:00,2026-08-31,GLD,21,1M,2026-09-30,-0.06713680164105396,-0.06761208811835173,-0.0787626089962653,-0.07525850485755736,0.0,False
70d206b0574b4a91efbe3411,2026-10-01T01:18:50.357421+00:00,2026-08-31,GREK,21,1M,2026-09-30,-0.00023479799076198127,-0.0007441705137898325,-0.052222598368925954,-0.029199655429437477,0.030942792462365087,False
32f7233f3dd08927e4ec81f3,2026-10-01T01:18:50.357421+00:00,2026-08-31,HEDJ,21,1M,2026-09-30,-0.030829634408576334,-0.03132341910259551,-0.0317793216323653,-0.03132341910259551,0.0,False
41af2bac6e5987eeed1080da,2026-10-01T01:18:50.357421+00:00,2026-08-31,HEEM,21,1M,2026-09-30,-0.0009460052503517113,-0.0014550154188632813,-0.03480684966267256,-0.010560459396963595,0.018002894921737678,False
4ab2e859df205eed24c4c1af,2026-10-01T01:18:50.357421+00:00,2026-08-31,HEFA,21,1M,2026-09-30,-0.01842048593412149,-0.018920592991885976,-0.025765521548488435,-0.018920592991885976,9.572334482021994e-05,False
2042e296b255ec66818389a9,2026-10-01T01:18:50.357421+00:00,2026-08-31,IBB,21,1M,2026-09-30,0.007181647532724433,0.006668496388915646,-0.055185173263759935,-0.02576982191820032,0.025248082758568602,True
eb27b2ab4b22258dde2b13b5,2026-10-01T01:18:50.357421+00:00,2026-08-31,IEFA,21,1M,2026-09-30,-0.029943168484589555,-0.03043740482603896,-0.03781264109435756,-0.03043740482603896,0.004068418157149534,False
04a05ffdd795f1f8cd9fc1ed,2026-10-01T01:18:50.357421+00:00,2026-08-31,IEMG,21,1M,2026-09-30,-0.006974224073431956,-0.007480162911770005,-0.043010736026038776,-0.008296033648809709,0.02556100196733646,False
02a9d9dbb8bc59dd0bb35601,2026-10-01T01:18:50.357421+00:00,2026-08-31,IEUR,21,1M,2026-09-30,-0.049032258064516054,-0.04951676866465937,-0.050012912341818816,-0.04951676866465937,0.0,False
5cb31bac1df349e5e32e2758,2026-10-01T01:18:50.357421+00:00,2026-08-31,IGV,21,1M,2026-09-30,-0.03191492316600575,-0.032408154913921794,-0.07983275268865386,-0.073589712528349,0.0,False
a2943b94800d65c9a9882949,2026-10-01T01:18:50.357421+00:00,2026-08-31,IHF,21,1M,2026-09-30,-0.02987068209353616,-0.030364955366232627,-0.05144769172342356,-0.03199875795170104,0.024285678896869944,False
4be22889824c82adbe16637f,2026-10-01T01:18:50.357421+00:00,2026-08-31,IHI,21,1M,2026-09-30,-0.06803684213343086,-0.06851167004716263,-0.07440419490491401,-0.07106167539153618,0.0,False
db382b60d606313fdb73c4f4,2026-10-01T01:18:50.357421+00:00,2026-08-31,IJR,21,1M,2026-09-30,-0.054856203710130336,-0.05533774705568062,-0.060188662963174155,-0.05533774705568062,0.0015738657224129149,False
0efb1d537996d90b86b79ff3,2026-10-01T01:18:50.357421+00:00,2026-08-31,ILF,21,1M,2026-09-30,-0.030372535230203224,-0.030866552812665926,-0.07338445849317987,-0.030866552812665926,0.050448789907438396,False
2a06cc512556572c0927f804,2026-10-01T01:18:50.357421+00:00,2026-08-31,IMTM,21,1M,2026-09-30,-0.011828733409450565,-0.012332198913386216,-0.030040515517051336,-0.012332198913386216,0.018533329671561294,False
7ba9e9c9f554fff8d94783eb,2026-10-01T01:18:50.357421+00:00,2026-08-31,INDA,21,1M,2026-09-30,-0.0605633947028823,-0.0610420302794189,-0.06563940645541111,-0.0610420302794189,0.007916090757612793,False
31caab5a52eeec1d00f16f9c,2026-10-01T01:18:50.357421+00:00,2026-08-31,IOO,21,1M,2026-09-30,-0.0009711682442727909,-0.0014801655924364665,-0.025332983307936874,-0.0024385351814593115,0.004718933225300814,False
cb4eb8aa71c323394066aa0e,2026-10-01T01:18:50.357421+00:00,2026-08-31,IQLT,21,1M,2026-09-30,-0.04002333731973029,-0.04051243789427994,-0.04225625404419653,-0.04051243789427994,0.0,False
e591bec8af3947f67340a2cb,2026-10-01T01:18:50.357421+00:00,2026-08-31,ITA,21,1M,2026-09-30,-0.09165682375849105,-0.0921196174769835,-0.09165682375849105,-0.0921196174769835,0.0,False
659a416c27f6c631df4a3176,2026-10-01T01:18:50.357421+00:00,2026-08-31,ITB,21,1M,2026-09-30,-0.07324128867718782,-0.07371346496625641,-0.07324128867718782,-0.07371346496625641,0.0,False
6aa9887b54966026c6817983,2026-10-01T01:18:50.357421+00:00,2026-08-31,ITOT,21,1M,2026-09-30,-0.00694344518917811,-0.007449399709116067,-0.02566165156413802,-0.007449399709116067,0.00019335665305741934,False
84a8227c0b868d8567d73b6d,2026-10-01T01:18:50.357421+00:00,2026-08-31,IWB,21,1M,2026-09-30,-0.006933851847966133,-0.007439811255636197,-0.025204077426856375,-0.007439811255636197,0.0,False
aa2ac956a5cf2cbdffb5c4f9,2026-10-01T01:18:50.357421+00:00,2026-08-31,IWD,21,1M,2026-09-30,-0.03154376330583253,-0.032037184156783916,-0.040766065794397455,-0.032037184156783916,0.0031553419432912566,False
7d731ed25b3b9f8070aa8a6f,2026-10-01T01:18:50.357421+00:00,2026-08-31,IWF,21,1M,2026-09-30,0.021699130153502555,0.021178582466249818,-0.023265255164141574,-0.005390547507506671,0.02329586534653938,True
c3dcfde76da0d80b06fb6ce2,2026-10-01T01:18:50.357421+00:00,2026-08-31,IWM,21,1M,2026-09-30,-0.04889512916794714,-0.0493797096341867,-0.05557845151771357,-0.0493797096341867,0.0039443021467291395,False
7413aeb8059d0ec2816d1bc3,2026-10-01T01:18:50.357421+00:00,2026-08-31,IXC,21,1M,2026-09-30,-0.02128738911446182,-0.021786035507558976,-0.060085887988199915,-0.02628640422462869,0.054531741557860336,False
c47c6b9a0f12e4ed38b27248,2026-10-01T01:18:50.357421+00:00,2026-08-31,IXG,21,1M,2026-09-30,-0.05372182663874514,-0.05420394794050942,-0.07299270072992714,-0.05420394794050942,0.012708228335942984,False
f46c16f9dd8d18bd49193dad,2026-10-01T01:18:50.357421+00:00,2026-08-31,IXJ,21,1M,2026-09-30,-0.02033766219508304,-0.020836792466591092,-0.04988213826779009,-0.029893806668454537,0.016510794425045994,False
10b922cb6892f2755479ba75,2026-10-01T01:18:50.357421+00:00,2026-08-31,IXN,21,1M,2026-09-30,0.05576415251825684,0.055226248969493685,-0.03188218349508687,-0.007474432404611764,0.055226248969493685,True
ac4f3b325e2010d992238de5,2026-10-01T01:18:50.357421+00:00,2026-08-31,IXP,21,1M,2026-09-30,0.015098226900432277,0.014581042321575088,-0.03545810477954703,0.0,0.053240172465584434,True
ff2c11fcb2485eb299238840,2026-10-01T01:18:50.357421+00:00,2026-08-31,IXUS,21,1M,2026-09-30,-0.02494352509359754,-0.025440308714111293,-0.037686142427062475,-0.025440308714111293,0.010674536641555266,False
d17ad2c89812abc131b57c31,2026-10-01T01:18:50.357421+00:00,2026-08-31,IYG,21,1M,2026-09-30,-0.07324087964313541,-0.07371305614060353,-0.08545972276830072,-0.07371305614060353,0.0053393955590772535,False
cecfb31a236936c838e60f83,2026-10-01T01:18:50.357421+00:00,2026-08-31,IYJ,21,1M,2026-09-30,-0.046743169322206235,-0.04722884619509604,-0.046743169322206235,-0.04722884619509604,0.0,False
43db3097e90970f088c4f3f2,2026-10-01T01:18:50.357421+00:00,2026-08-31,IYK,21,1M,2026-09-30,-0.04704128765011395,-0.04752681263405567,-0.05814275146974668,-0.04752681263405567,0.014285960913378304,False
03e98be9aa363f03df64ec22,2026-10-01T01:18:50.357421+00:00,2026-08-31,IYT,21,1M,2026-09-30,-0.07567386807298104,-0.07614480498194132,-0.07567386807298104,-0.07614480498194132,0.0,False
c34a685d3d8e849059c30fe7,2026-10-01T01:18:50.357421+00:00,2026-08-31,IYW,21,1M,2026-09-30,0.05627906343958755,0.0557408975477518,-0.013291913741130146,-0.009099331536478461,0.0557408975477518,True
eb77e304aa0a547a22208318,2026-10-01T01:18:50.357421+00:00,2026-08-31,IYZ,21,1M,2026-09-30,-0.04096362319592506,-0.04145224470220121,-0.04429947408642543,-0.04177265829010779,0.0068696818986417885,False
12cd928cb4e758fe35999202,2026-10-01T01:18:50.357421+00:00,2026-08-31,JXI,21,1M,2026-09-30,-0.04820174867864657,-0.04868668241680296,-0.0639464080094333,-0.05180640352373922,0.016151589425008606,False
896ba396d5a504836241ca55,2026-10-01T01:18:50.357421+00:00,2026-08-31,KBA,21,1M,2026-09-30,-0.060145755743483575,-0.06062460410379189,-0.06136083422752381,-0.06131763965687076,0.0032475577605841632,False
c17413e5346bd981003b15ef,2026-10-01T01:18:50.357421+00:00,2026-08-31,KBE,21,1M,2026-09-30,-0.05900043471560523,-0.05947986660798743,-0.07976373222616784,-0.05947986660798743,0.018394049009455626,False
70d9b7215af4b0d1cfbf1bcb,2026-10-01T01:18:50.357421+00:00,2026-08-31,KIE,21,1M,2026-09-30,-0.07087458668391378,-0.07134796878907101,-0.09453287749672623,-0.07134796878907101,0.018005965333733664,False
8fd12453cc2d3c6915178a8d,2026-10-01T01:18:50.357421+00:00,2026-08-31,KRE,21,1M,2026-09-30,-0.04953843063139429,-0.05002268334058779,-0.07113123994830939,-0.05002268334058779,0.01950053024147058,False
6b21302b702baaf1758df676,2026-10-01T01:18:50.357421+00:00,2026-08-31,KSA,21,1M,2026-09-30,-0.0639175073666427,-0.06439443404910428,-0.0639175073666427,-0.06439443404910428,0.002246666250283802,False
35a638ee9e2a076b08e0c6d2,2026-10-01T01:18:50.357421+00:00,2026-08-31,KWEB,21,1M,2026-09-30,-0.05129792690191515,-0.05178128316156949,-0.06948174736862778,-0.05531075008517361,0.00518383271022449,False
d9387c6e5a75cd4d82422af0,2026-10-01T01:18:50.357421+00:00,2026-08-31,KXI,21,1M,2026-09-30,-0.04418432394354099,-0.044671304528066336,-0.04780645068026268,-0.044671304528066336,0.008096513384017179,False
635109a5886e016a5486697b,2026-10-01T01:18:50.357421+00:00,2026-08-31,MCHI,21,1M,2026-09-30,-0.04641814992763793,-0.04690399239535803,-0.05117467457839464,-0.04690399239535803,0.0012135216850985842,False
8fd42c798365c95810d9c855,2026-10-01T01:18:50.357421+00:00,2026-08-31,MDY,21,1M,2026-09-30,-0.041975595503252916,-0.0424637014175816,-0.048057503341895624,-0.0424637014175816,0.002285927559379841,False
e88cb8a817dbc6e9df3d70d8,2026-10-01T01:18:50.357421+00:00,2026-08-31,MTUM,21,1M,2026-09-30,0.05589337343761347,0.055355404051806056,-0.03100651109741881,-0.011020198556042415,0.05860877725119096,True
08946e31edafeb1fda29bb60,2026-10-01T01:18:50.357421+00:00,2026-08-31,MXI,21,1M,2026-09-30,-0.07327846953746897,-0.07375062688318101,-0.07727468150320205,-0.07375062688318101,0.0,False
29841c2f0b700a6e5b9b4a21,2026-10-01T01:18:50.357421+00:00,2026-08-31,OIH,21,1M,2026-09-30,-0.11838853987344422,-0.11883771399239984,-0.1333317796568998,-0.11883771399239984,0.019754825313611946,False
128a2e9cf7245503dab03b4f,2026-10-01T01:18:50.357421+00:00,2026-08-31,PAVE,21,1M,2026-09-30,-0.0394881303987642,-0.039977503657039115,-0.04749818445721088,-0.040091492983188703,0.0042982348398286074,False
7cecd78911b1a85adb69b396,2026-10-01T01:18:50.357421+00:00,2026-08-31,PBJ,21,1M,2026-09-30,-0.05761018198468937,-0.05809032219992549,-0.07277238878382597,-0.05809032219992549,0.018862653276956243,False
2cea0f8671b116b1b92352bd,2026-10-01T01:18:50.357421+00:00,2026-08-31,PEJ,21,1M,2026-09-30,-0.05099832262687454,-0.051481831532555256,-0.058500884712401,-0.06176265498730471,0.00032317397377235046,False
6d4e5b56279ac2ecdad21c96,2026-10-01T01:18:50.357421+00:00,2026-08-31,QAT,21,1M,2026-09-30,-0.06433083614177004,-0.06480755223646495,-0.06433083614177004,-0.06480755223646495,0.003155008074969601,False
53f8eacb512ff3139a160b4e,2026-10-01T01:18:50.357421+00:00,2026-08-31,QQQ,21,1M,2026-09-30,0.037410004729280244,0.03688145247474961,-0.020056803758997765,-0.008047553405328145,0.03688145247474961,True
ba7111d6f06fb52b0770f5ad,2026-10-01T01:18:50.357421+00:00,2026-08-31,QUAL,21,1M,2026-09-30,0.0004425413500142028,-6.717627209118504e-05,-0.025158810065768478,-0.008850566816378302,0.006148293217395073,False
ba02d59755fb367b823ea606,2026-10-01T01:18:50.357421+00:00,2026-08-31,REET,21,1M,2026-09-30,-0.0545077420968717,-0.05498946298087892,-0.055538068864345425,-0.05498946298087892,0.004354891099471958,False
1e7136eb996418cd8808a298,2026-10-01T01:18:50.357421+00:00,2026-08-31,REM,21,1M,2026-09-30,-0.13977121136913395,-0.1402094911848002,-0.14332425866152598,-0.1402094911848002,5.360345807869926e-05,False
0ea114fd5c13d9b239732ab8,2026-10-01T01:18:50.357421+00:00,2026-08-31,REMX,21,1M,2026-09-30,-0.1710525956821286,-0.17147493787802237,-0.1710525956821286,-0.17147493787802237,0.0,False
d33dc72ee86784d6478e3c63,2026-10-01T01:18:50.357421+00:00,2026-08-31,REZ,21,1M,2026-09-30,-0.05285195009509813,-0.053334514592133564,-0.058474835421429616,-0.053334514592133564,0.012931360809508963,False
1a4f80587fd306df2517459f,2026-10-01T01:18:50.357421+00:00,2026-08-31,RSP,21,1M,2026-09-30,-0.04519594286523709,-0.045682408037862166,-0.04805971884135174,-0.045682408037862166,0.0,False
5b83883545612bced17566ae,2026-10-01T01:18:50.357421+00:00,2026-08-31,RWO,21,1M,2026-09-30,-0.05358545260563374,-0.05406764338889736,-0.0572064154861609,-0.05406764338889736,0.009156918957929472,False
3d4e6105a387da8fd5e44d0c,2026-10-01T01:18:50.357421+00:00,2026-08-31,RXI,21,1M,2026-09-30,-0.06681450299951375,-0.06728995368543966,-0.06681450299951375,-0.06728995368543966,0.0,False
d90a29eb047905756b914c77,2026-10-01T01:18:50.357421+00:00,2026-08-31,SCHD,21,1M,2026-09-30,-0.05760400519031339,-0.05808414855257771,-0.06270828346070034,-0.05808414855257771,0.00591790557380123,False
5dd8a375c3db91cf854ead24,2026-10-01T01:18:50.357421+00:00,2026-08-31,SCHY,21,1M,2026-09-30,-0.04314272158019161,-0.043630232852945205,-0.046872511945721285,-0.043630232852945205,0.0029775424728377686,False
dac35b02d981bdecbd08192c,2026-10-01T01:18:50.357421+00:00,2026-08-31,SCZ,21,1M,2026-09-30,-0.02304150900277313,-0.023539261685555757,-0.037455735876755214,-0.027709953965525225,0.004757792777947634,False
88cd8552c6434df24da34913,2026-10-01T01:18:50.357421+00:00,2026-08-31,SKYY,21,1M,2026-09-30,-0.008164971378926023,-0.008670303540858404,-0.05280026563988993,-0.04127635607381752,0.009795356124943533,False
2ef479dc157de85f1efbfd72,2026-10-01T01:18:50.357421+00:00,2026-08-31,SLV,21,1M,2026-09-30,-0.09329787075440465,-0.09375982837233376,-0.10225587994476126,-0.09375982837233376,0.01597101018559277,False
c5abb96ef20ca6c620c98c71,2026-10-01T01:18:50.357421+00:00,2026-08-31,SMH,21,1M,2026-09-30,0.09837772782068432,0.09781811298978882,-0.05709655275541381,-0.01929281327622323,0.09781811298978882,True
2d323e9e4a7810309648ccb7,2026-10-01T01:18:50.357421+00:00,2026-08-31,SOXX,21,1M,2026-09-30,0.1168458384190374,0.11627681423075265,-0.06503759273335352,-0.025076632322924675,0.11627681423075265,True
c4b397b701a40dbb1c0b942b,2026-10-01T01:18:50.357421+00:00,2026-08-31,SPGM,21,1M,2026-09-30,-0.01075025634904514,-0.011254271328577814,-0.026643974551383676,-0.011254271328577814,0.0062331327548581505,False
a1d040edba816df7495d649a,2026-10-01T01:18:50.357421+00:00,2026-08-31,SPY,21,1M,2026-09-30,0.0005097518653354172,0.0,-0.024729351826916157,0.0,0.0,False
058d0264e833379a5e4b2af1,2026-10-01T01:18:50.357421+00:00,2026-08-31,THD,21,1M,2026-09-30,-0.02570129440363844,-0.02619769194663657,-0.06061814157457046,-0.02619769194663657,0.04029838101164884,False
eac12d9f92632da6c79d4e63,2026-10-01T01:18:50.357421+00:00,2026-08-31,TUR,21,1M,2026-09-30,-0.16067447401068524,-0.1611021037781104,-0.1699362184094787,-0.1611021037781104,0.0173250128648752,False
2e2bef5ebe632d5a5e451c09,2026-10-01T01:18:50.357421+00:00,2026-08-31,UAE,21,1M,2026-09-30,0.031871424819772676,0.03134569442823221,-0.013366358790393607,-0.008353567808864093,0.04966631143114664,True
f3f589f8ddd9e2b071a45695,2026-10-01T01:18:50.357421+00:00,2026-08-31,URA,21,1M,2026-09-30,-0.12019333164741197,-0.12064158623912502,-0.15705263157894744,-0.12064158623912502,0.045211941116797494,False
623c3c82f96cfbb8f46485e1,2026-10-01T01:18:50.357421+00:00,2026-08-31,URTH,21,1M,2026-09-30,-0.010360632354828203,-0.010864845844727689,-0.026766139212912154,-0.010864845844727689,0.0006923198469908076,False
f8720b630b3a907d419589fa,2026-10-01T01:18:50.357421+00:00,2026-08-31,USMV,21,1M,2026-09-30,-0.03861809709225095,-0.039107913625666235,-0.04135657832433315,-0.039107913625666235,0.0029506644895489487,False
dca231257179cd13f4b24f0b,2026-10-01T01:18:50.357421+00:00,2026-08-31,VEA,21,1M,2026-09-30,-0.029283670663160732,-0.02977824301357357,-0.04033848129083939,-0.02977824301357357,0.008701630842159469,False
3c5f5f74081a6e50d2c7d9f1,2026-10-01T01:18:50.357421+00:00,2026-08-31,VEU,21,1M,2026-09-30,-0.01906234938227047,-0.019562129415646168,-0.03367671044724874,-0.02001629463925425,0.010937937028461242,False
d71bd3139a0209811f3e288a,2026-10-01T01:18:50.357421+00:00,2026-08-31,VGK,21,1M,2026-09-30,-0.052851250344620015,-0.053333815198172596,-0.05367713589572043,-0.053333815198172596,0.0,False
d78945db16d3281a76eca13b,2026-10-01T01:18:50.357421+00:00,2026-08-31,VNM,21,1M,2026-09-30,-0.06146176626614108,-0.06193994412941761,-0.06662994810457223,-0.06193994412941761,0.009705708904316213,False
a3885804766788e35abd2b60,2026-10-01T01:18:50.357421+00:00,2026-08-31,VNQ,21,1M,2026-09-30,-0.06255317053856113,-0.06303079233992781,-0.06468682528957281,-0.06303079233992781,0.005456244408766464,False
4e705c2b82d2633eb0141d83,2026-10-01T01:18:50.357421+00:00,2026-08-31,VPL,21,1M,2026-09-30,0.003118259517314703,0.002607178637805463,-0.03140750281873694,-0.004769076349147583,0.02664777249927286,True
ffa1100a35334b1784a8941e,2026-10-01T01:18:50.357421+00:00,2026-08-31,VSS,21,1M,2026-09-30,-0.02847580018184459,-0.028970784135926464,-0.03594252455562441,-0.028970784135926464,0.003636556905668664,False
b5978420d1a38f6ea05e7462,2026-10-01T01:18:50.357421+00:00,2026-08-31,VT,21,1M,2026-09-30,-0.010731926146965831,-0.011235950465592559,-0.026891589491067625,-0.011235950465592559,0.0037308648525928856,False
281a1dbaa2d80c9182194b39,2026-10-01T01:18:50.357421+00:00,2026-08-31,VWO,21,1M,2026-09-30,-0.019946060459623993,-0.020445390249142603,-0.036783849489026244,-0.020445390249142603,0.01317137366262533,False
3cddef44ac23bba1120ee083,2026-10-01T01:18:50.357421+00:00,2026-08-31,VXUS,21,1M,2026-09-30,-0.018729625265414884,-0.01922957481911669,-0.033932739163583414,-0.020639651672825665,0.010139023322901952,False
9ac46005aea928a570737a20,2026-10-01T01:18:50.357421+00:00,2026-08-31,VYMI,21,1M,2026-09-30,-0.030693865280240318,-0.031187719147564796,-0.048427805714931105,-0.031187719147564796,0.013536576279539192,False
f9244523065a425c3e41f9fb,2026-10-01T01:18:50.357421+00:00,2026-08-31,XAR,21,1M,2026-09-30,-0.09802566941621871,-0.09848521825783918,-0.09802566941621871,-0.09848521825783918,0.0,False
93d713524a3d035a23008b45,2026-10-01T01:18:50.357421+00:00,2026-08-31,XBI,21,1M,2026-09-30,-0.027507692307692344,-0.02800316950513715,-0.06857348172414635,-0.05363761522525179,0.020175200683938854,False
32c270bce79fa97d5e12353a,2026-10-01T01:18:50.357421+00:00,2026-08-31,XHB,21,1M,2026-09-30,-0.06101721880951705,-0.06149562316623336,-0.06644068340678566,-0.06186520983071597,0.00018532292490180957,False
42638876db8ac460a1fb84e2,2026-10-01T01:18:50.357421+00:00,2026-08-31,XLB,21,1M,2026-09-30,-0.0695658055723527,-0.07003985449121353,-0.07413449534661776,-0.07003985449121353,0.007416762679484545,False
a341d1548a7f7841a7bea90c,2026-10-01T01:18:50.357421+00:00,2026-08-31,XLC,21,1M,2026-09-30,0.004105857343045249,0.003594273290195682,-0.037020975978702686,-0.0013157730572572746,0.04075993897278152,True
e8e00c4c5112241b2a32e616,2026-10-01T01:18:50.357421+00:00,2026-08-31,XLE,21,1M,2026-09-30,-0.033847053608074607,-0.03433930095069593,-0.06271591866145398,-0.03868241898412339,0.04394768413251349,False
698c5a2daa862bd4bf2f800a,2026-10-01T01:18:50.357421+00:00,2026-08-31,XLF,21,1M,2026-09-30,-0.06862659624621648,-0.06910112368485666,-0.08214553245489598,-0.06910112368485666,0.006696770882727465,False
f148ca0998ff4fb256ce21d9,2026-10-01T01:18:50.357421+00:00,2026-08-31,XLI,21,1M,2026-09-30,-0.04219946680905595,-0.04268745866271162,-0.042964489486724045,-0.04268745866271162,0.0,False
d5666313107293b9e71945f5,2026-10-01T01:18:50.357421+00:00,2026-08-31,XLK,21,1M,2026-09-30,0.05474902931361725,0.05421164296215908,-0.021983191271092162,-0.013117868228620044,0.05421164296215908,True
cc2642220a6cf064a27d8c19,2026-10-01T01:18:50.357421+00:00,2026-08-31,XLP,21,1M,2026-09-30,-0.04471151543478136,-0.045198227419379955,-0.05085444100655989,-0.045198227419379955,0.010117121672355678,False
d640c275e9f853e12c49af7f,2026-10-01T01:18:50.357421+00:00,2026-08-31,XLRE,21,1M,2026-09-30,-0.06522851754312997,-0.06570477627619709,-0.06818591992191292,-0.06570477627619709,0.00532001521672254,False
78b853c344b3d7c63cf8b0ca,2026-10-01T01:18:50.357421+00:00,2026-08-31,XLU,21,1M,2026-09-30,-0.05419031340358682,-0.05467219601502171,-0.09002064823993816,-0.06510536221049323,0.03035352607051567,False
439e216a319f4789f777d6dd,2026-10-01T01:18:50.357421+00:00,2026-08-31,XLV,21,1M,2026-09-30,-0.0063558908120049384,-0.006862144686286209,-0.045596171534112884,-0.02687256679994876,0.016636591799515932,False
0d68ea6e7ec69bc2461d6b24,2026-10-01T01:18:50.357421+00:00,2026-08-31,XLY,21,1M,2026-09-30,-0.0632127528536176,-0.06369003860297173,-0.0632127528536176,-0.06369003860297173,0.0,False
bc66815318e65f1e59792ca3,2026-10-01T01:18:50.357421+00:00,2026-08-31,XME,21,1M,2026-09-30,-0.12190234752039586,-0.12234973138193606,-0.1352257240958008,-0.12234973138193606,0.01685171710500999,False
2ec7eae432ce6c9788a3c654,2026-10-01T01:18:50.357421+00:00,2026-08-31,XOP,21,1M,2026-09-30,-0.0471791337826204,-0.04766458853503963,-0.10194159638073141,-0.049718570105176774,0.07031653189322662,False
dad34287385d2cf97bacabc0,2026-10-01T01:18:50.357421+00:00,2026-08-31,XPH,21,1M,2026-09-30,-0.07900309799537275,-0.07947233868781944,-0.08995657797575884,-0.07947233868781944,0.014536014283529353,False
02e35e34e530c83060149396,2026-10-01T01:18:50.357421+00:00,2026-08-31,XRT,21,1M,2026-09-30,-0.04386034611025991,-0.044347491758948254,-0.06347762086187059,-0.04946157547951002,0.013157989476375143,False
